,ts_code,symbol,name,area,industry
0,000001.SZ,000001,平安银行,深圳,银行
1,000002.SZ,000002,万科A,深圳,全国地产
2,000004.SZ,000004,ST国华,深圳,软件服务
3,000005.SZ,000005,ST星源,深圳,环境保护
4,000006.SZ,000006,深振业A,深圳,区域地产
5,000007.SZ,000007,全新好,深圳,酒店餐饮
6,000008.SZ,000008,神州高铁,北京,运输设备
7,000009.SZ,000009,中国宝安,深圳,电气设备
8,000010.SZ,000010,美丽生态,深圳,建筑工程
9,000011.SZ,000011,深物业A,深圳,区域地产
10,000012.SZ,000012,南玻A,深圳,玻璃
11,000014.SZ,000014,沙河股份,深圳,全国地产
12,000016.SZ,000016,深康佳A,深圳,家用电器
13,000017.SZ,000017,深中华A,深圳,服饰
14,000019.SZ,000019,深粮控股,深圳,农业综合
15,000020.SZ,000020,深华发A,深圳,元器件
16,000021.SZ,000021,深科技,深圳,IT设备
17,000023.SZ,000023,深天地A,深圳,水泥
18,000025.SZ,000025,特力A,深圳,汽车服务
19,000026.SZ,000026,飞亚达,深圳,其他商业
20,000027.SZ,000027,深圳能源,深圳,火力发电
21,000028.SZ,000028,国药一致,深圳,医药商业
22,000029.SZ,000029,深深房A,深圳,区域地产
23,000030.SZ,000030,富奥股份,吉林,汽车配件
24,000031.SZ,000031,大悦城,深圳,全国地产
25,000032.SZ,000032,深桑达A,深圳,元器件
26,000034.SZ,000034,神州数码,深圳,综合类
27,000035.SZ,000035,中国天楹,江苏,环境保护
28,000036.SZ,000036,华联控股,深圳,全国地产
29,000037.SZ,000037,深南电A,深圳,火力发电
30,000038.SZ,000038,*ST大通,深圳,综合类
31,000039.SZ,000039,中集集团,深圳,运输设备
32,000040.SZ,000040,东旭蓝天,深圳,新型电力
33,000042.SZ,000042,中洲控股,深圳,全国地产
34,000045.SZ,000045,深纺织A,深圳,元器件
35,000046.SZ,000046,泛海控股,北京,多元金融
36,000048.SZ,000048,京基智农,深圳,区域地产
37,000049.SZ,000049,德赛电池,深圳,电气设备
38,000050.SZ,000050,深天马A,深圳,元器件
39,000055.SZ,000055,方大集团,深圳,装修装饰
40,000056.SZ,000056,皇庭国际,深圳,房产服务
41,000058.SZ,000058,深赛格,深圳,商品城
42,000059.SZ,000059,华锦股份,辽宁,石油加工
43,000060.SZ,000060,中金岭南,深圳,铅锌
44,000061.SZ,000061,农产品,深圳,农业综合
45,000062.SZ,000062,深圳华强,深圳,批发业
46,000063.SZ,000063,中兴通讯,深圳,通信设备
47,000065.SZ,000065,北方国际,北京,建筑工程
48,000066.SZ,000066,中国长城,深圳,IT设备
49,000068.SZ,000068,华控赛格,深圳,环境保护
50,000069.SZ,000069,华侨城A,深圳,旅游景点
51,000070.SZ,000070,特发信息,深圳,通信设备
52,000078.SZ,000078,海王生物,深圳,医药商业
53,000088.SZ,000088,盐田港,深圳,港口
54,000089.SZ,000089,深圳机场,深圳,机场
55,000090.SZ,000090,天健集团,深圳,建筑工程
56,000096.SZ,000096,广聚能源,深圳,石油贸易
57,000099.SZ,000099,中信海直,深圳,空运
58,000100.SZ,000100,TCL科技,广东,元器件
59,000150.SZ,000150,*ST宜康,广东,生物制药
60,000151.SZ,000151,中成股份,北京,商贸代理
61,000153.SZ,000153,丰原药业,安徽,化学制药
62,000155.SZ,000155,川能动力,四川,新型电力
63,000156.SZ,000156,华数传媒,浙江,影视音像
64,000157.SZ,000157,中联重科,湖南,工程机械
65,000158.SZ,000158,常山北明,河北,软件服务
66,000159.SZ,000159,国际实业,新疆,石油贸易
67,000166.SZ,000166,申万宏源,新疆,证券
68,000301.SZ,000301,东方盛虹,江苏,化纤
69,000333.SZ,000333,美的集团,广东,家用电器
70,000338.SZ,000338,潍柴动力,山东,汽车配件
71,000400.SZ,000400,许继电气,河南,电气设备
72,000401.SZ,000401,冀东水泥,河北,水泥
73,000402.SZ,000402,金融街,北京,全国地产
74,000403.SZ,000403,派林生物,山西,生物制药
75,000404.SZ,000404,长虹华意,江西,家用电器
76,000407.SZ,000407,胜利股份,山东,供气供热
77,000408.SZ,000408,藏格矿业,青海,农药化肥
78,000409.SZ,000409,云鼎科技,山东,软件服务
79,000410.SZ,000410,*ST沈机,辽宁,机床制造
80,000411.SZ,000411,英特集团,浙江,医药商业
81,000413.SZ,000413,东旭光电,河北,元器件
82,000415.SZ,000415,渤海租赁,新疆,多元金融
83,000416.SZ,000416,民生控股,山东,多元金融
84,000417.SZ,000417,合肥百货,安徽,百货
85,000419.SZ,000419,通程控股,湖南,百货
86,000420.SZ,000420,吉林化纤,吉林,化纤
87,000421.SZ,000421,南京公用,江苏,供气供热
88,000422.SZ,000422,湖北宜化,湖北,农药化肥
89,000423.SZ,000423,东阿阿胶,山东,中成药
90,000425.SZ,000425,徐工机械,江苏,工程机械
91,000426.SZ,000426,兴业矿业,内蒙,铅锌
92,000428.SZ,000428,华天酒店,湖南,酒店餐饮
93,000429.SZ,000429,粤高速A,广东,路桥
94,000430.SZ,000430,张家界,湖南,旅游景点
95,000488.SZ,000488,晨鸣纸业,山东,造纸
96,000498.SZ,000498,山东路桥,山东,建筑工程
97,000501.SZ,000501,武商集团,湖北,百货
98,000503.SZ,000503,国新健康,海南,软件服务
99,000504.SZ,000504,南华生物,湖南,生物制药
100,000505.SZ,000505,京粮控股,海南,食品
101,000506.SZ,000506,中润资源,山东,黄金
102,000507.SZ,000507,珠海港,广东,港口
103,000509.SZ,000509,华塑控股,四川,元器件
104,000510.SZ,000510,新金路,四川,化工原料
105,000513.SZ,000513,丽珠集团,广东,化学制药
106,000514.SZ,000514,渝开发,重庆,区域地产
107,000516.SZ,000516,国际医学,陕西,医疗保健
108,000517.SZ,000517,荣安地产,浙江,区域地产
109,000518.SZ,000518,四环生物,江苏,生物制药
110,000519.SZ,000519,中兵红箭,湖南,专用机械
111,000520.SZ,000520,长航凤凰,湖北,水运
112,000521.SZ,000521,长虹美菱,安徽,家用电器
113,000523.SZ,000523,广州浪奇,广东,日用化工
114,000524.SZ,000524,岭南控股,广东,旅游服务
115,000525.SZ,000525,ST红太阳,江苏,农药化肥
116,000526.SZ,000526,学大教育,福建,文教休闲
117,000528.SZ,000528,柳工,广西,工程机械
118,000529.SZ,000529,广弘控股,广东,出版业
119,000530.SZ,000530,冰山冷热,辽宁,机械基件
120,000531.SZ,000531,穗恒运A,广东,火力发电
121,000532.SZ,000532,华金资本,广东,多元金融
122,000533.SZ,000533,顺钠股份,广东,电气设备
123,000534.SZ,000534,万泽股份,广东,生物制药
124,000536.SZ,000536,华映科技,福建,元器件
125,000537.SZ,000537,广宇发展,天津,新型电力
126,000538.SZ,000538,云南白药,云南,中成药
127,000539.SZ,000539,粤电力A,广东,火力发电
128,000540.SZ,000540,中天金融,贵州,多元金融
129,000541.SZ,000541,佛山照明,广东,家用电器
130,000543.SZ,000543,皖能电力,安徽,火力发电
131,000544.SZ,000544,中原环保,河南,环境保护
132,000545.SZ,000545,金浦钛业,吉林,化工原料
133,000546.SZ,000546,金圆股份,吉林,环境保护
134,000547.SZ,000547,航天发展,福建,通信设备
135,000548.SZ,000548,湖南投资,湖南,路桥
136,000550.SZ,000550,江铃汽车,江西,汽车整车
137,000551.SZ,000551,创元科技,江苏,专用机械
138,000552.SZ,000552,靖远煤电,甘肃,煤炭开采
139,000553.SZ,000553,安道麦A,湖北,农药化肥
140,000554.SZ,000554,泰山石油,山东,石油贸易
141,000555.SZ,000555,神州信息,深圳,软件服务
142,000557.SZ,000557,西部创业,宁夏,铁路
143,000558.SZ,000558,莱茵体育,浙江,文教休闲
144,000559.SZ,000559,万向钱潮,浙江,汽车配件
145,000560.SZ,000560,我爱我家,云南,房产服务
146,000561.SZ,000561,烽火电子,陕西,通信设备
147,000563.SZ,000563,陕国投A,陕西,多元金融
148,000564.SZ,000564,ST大集,陕西,百货
149,000565.SZ,000565,渝三峡A,重庆,染料涂料
150,000566.SZ,000566,海南海药,海南,化学制药
151,000567.SZ,000567,海德股份,海南,多元金融
152,000568.SZ,000568,泸州老窖,四川,白酒
153,000570.SZ,000570,苏常柴A,江苏,机械基件
154,000571.SZ,000571,ST大洲,海南,煤炭开采
155,000572.SZ,000572,海马汽车,海南,汽车整车
156,000573.SZ,000573,粤宏远A,广东,区域地产
157,000576.SZ,000576,甘化科工,广东,食品
158,000581.SZ,000581,威孚高科,江苏,汽车配件
159,000582.SZ,000582,北部湾港,广西,港口
160,000584.SZ,000584,哈工智能,江苏,专用机械
161,000586.SZ,000586,汇源通信,四川,通信设备
162,000587.SZ,000587,*ST金洲,黑龙江,批发业
163,000589.SZ,000589,贵州轮胎,贵州,汽车配件
164,000590.SZ,000590,启迪药业,湖南,中成药
165,000591.SZ,000591,太阳能,重庆,新型电力
166,000592.SZ,000592,平潭发展,福建,林业
167,000593.SZ,000593,德龙汇能,四川,供气供热
168,000595.SZ,000595,宝塔实业,宁夏,机械基件
169,000596.SZ,000596,古井贡酒,安徽,白酒
170,000597.SZ,000597,东北制药,辽宁,化学制药
171,000598.SZ,000598,兴蓉环境,四川,水务
172,000599.SZ,000599,青岛双星,山东,汽车配件
173,000600.SZ,000600,建投能源,河北,火力发电
174,000601.SZ,000601,韶能股份,广东,水力发电
175,000603.SZ,000603,盛达资源,北京,铅锌
176,000605.SZ,000605,渤海股份,北京,水务
177,000606.SZ,000606,*ST顺利,青海,互联网
178,000607.SZ,000607,华媒控股,浙江,广告包装
179,000608.SZ,000608,阳光股份,广西,区域地产
180,000609.SZ,000609,中迪投资,北京,区域地产
181,000610.SZ,000610,西安旅游,陕西,旅游服务
182,000612.SZ,000612,焦作万方,河南,铝
183,000615.SZ,000615,奥园美谷,湖北,医疗保健
184,000616.SZ,000616,ST海投,辽宁,全国地产
185,000617.SZ,000617,中油资本,新疆,多元金融
186,000619.SZ,000619,海螺新材,安徽,其他建材
187,000620.SZ,000620,新华联,北京,全国地产
188,000622.SZ,000622,恒立实业,湖南,汽车配件
189,000623.SZ,000623,吉林敖东,吉林,中成药
190,000625.SZ,000625,长安汽车,重庆,汽车整车
191,000626.SZ,000626,远大控股,江苏,商贸代理
192,000627.SZ,000627,天茂集团,湖北,保险
193,000628.SZ,000628,高新发展,四川,园区开发
194,000629.SZ,000629,攀钢钒钛,四川,小金属
195,000630.SZ,000630,铜陵有色,安徽,铜
196,000631.SZ,000631,顺发恒业,吉林,区域地产
197,000632.SZ,000632,三木集团,福建,综合类
198,000633.SZ,000633,合金投资,新疆,小金属
199,000635.SZ,000635,英力特,宁夏,化工原料
200,000636.SZ,000636,风华高科,广东,元器件
201,000637.SZ,000637,茂化实华,广东,石油加工
202,000638.SZ,000638,*ST万方,吉林,软件服务
203,000639.SZ,000639,西王食品,山东,食品
204,000650.SZ,000650,仁和药业,江西,中成药
205,000651.SZ,000651,格力电器,广东,家用电器
206,000652.SZ,000652,泰达股份,天津,批发业
207,000655.SZ,000655,金岭矿业,山东,普钢
208,000656.SZ,000656,金科股份,重庆,全国地产
209,000657.SZ,000657,中钨高新,海南,小金属
210,000659.SZ,000659,珠海中富,广东,广告包装
211,000661.SZ,000661,长春高新,吉林,生物制药
212,000663.SZ,000663,永安林业,福建,林业
213,000665.SZ,000665,湖北广电,湖北,影视音像
214,000666.SZ,000666,经纬纺机,北京,多元金融
215,000667.SZ,000667,美好置业,云南,全国地产
216,000668.SZ,000668,荣丰控股,山东,医药商业
217,000669.SZ,000669,ST金鸿,吉林,供气供热
218,000671.SZ,000671,阳光城,福建,区域地产
219,000672.SZ,000672,上峰水泥,甘肃,水泥
220,000676.SZ,000676,智度股份,广东,互联网
221,000677.SZ,000677,恒天海龙,山东,化纤
222,000678.SZ,000678,襄阳轴承,湖北,汽车配件
223,000679.SZ,000679,大连友谊,辽宁,百货
224,000680.SZ,000680,山推股份,山东,工程机械
225,000681.SZ,000681,视觉中国,江苏,互联网
226,000682.SZ,000682,东方电子,山东,电气设备
227,000683.SZ,000683,远兴能源,内蒙,化工原料
228,000685.SZ,000685,中山公用,广东,水务
229,000686.SZ,000686,东北证券,吉林,证券
230,000688.SZ,000688,国城矿业,重庆,铅锌
231,000690.SZ,000690,宝新能源,广东,火力发电
232,000691.SZ,000691,亚太实业,甘肃,化工原料
233,000692.SZ,000692,惠天热电,辽宁,供气供热
234,000695.SZ,000695,滨海能源,天津,广告包装
235,000697.SZ,000697,炼石航空,陕西,航空
236,000698.SZ,000698,沈阳化工,辽宁,石油加工
237,000700.SZ,000700,模塑科技,江苏,汽车配件
238,000701.SZ,000701,厦门信达,福建,商贸代理
239,000702.SZ,000702,正虹科技,湖南,饲料
240,000703.SZ,000703,恒逸石化,广西,化纤
241,000705.SZ,000705,浙江震元,浙江,医药商业
242,000707.SZ,000707,双环科技,湖北,化工原料
243,000708.SZ,000708,中信特钢,湖北,特种钢
244,000709.SZ,000709,河钢股份,河北,普钢
245,000710.SZ,000710,贝瑞基因,四川,医疗保健
246,000711.SZ,000711,京蓝科技,黑龙江,环境保护
247,000712.SZ,000712,锦龙股份,广东,证券
248,000713.SZ,000713,丰乐种业,安徽,种植业
249,000715.SZ,000715,中兴商业,辽宁,百货
250,000716.SZ,000716,黑芝麻,广西,食品
251,000717.SZ,000717,韶钢松山,广东,普钢
252,000718.SZ,000718,苏宁环球,吉林,区域地产
253,000719.SZ,000719,中原传媒,河南,出版业
254,000720.SZ,000720,新能泰山,山东,仓储物流
255,000721.SZ,000721,西安饮食,陕西,酒店餐饮
256,000722.SZ,000722,湖南发展,湖南,其他建材
257,000723.SZ,000723,美锦能源,山西,焦炭加工
258,000725.SZ,000725,京东方A,北京,元器件
259,000726.SZ,000726,鲁泰A,山东,纺织
260,000727.SZ,000727,冠捷科技,江苏,元器件
261,000728.SZ,000728,国元证券,安徽,证券
262,000729.SZ,000729,燕京啤酒,北京,啤酒
263,000731.SZ,000731,四川美丰,四川,农药化肥
264,000732.SZ,000732,ST泰禾,福建,区域地产
265,000733.SZ,000733,振华科技,贵州,元器件
266,000735.SZ,000735,罗牛山,海南,农业综合
267,000736.SZ,000736,中交地产,重庆,全国地产
268,000737.SZ,000737,北方铜业,山西,铜
269,000738.SZ,000738,航发控制,江苏,航空
270,000739.SZ,000739,普洛药业,浙江,化学制药
271,000750.SZ,000750,国海证券,广西,证券
272,000751.SZ,000751,锌业股份,辽宁,铅锌
273,000752.SZ,000752,*ST西发,西藏,啤酒
274,000753.SZ,000753,漳州发展,福建,汽车服务
275,000755.SZ,000755,山西路桥,山西,路桥
276,000756.SZ,000756,新华制药,山东,化学制药
277,000757.SZ,000757,浩物股份,四川,汽车配件
278,000758.SZ,000758,中色股份,北京,铅锌
279,000759.SZ,000759,中百集团,湖北,超市连锁
280,000761.SZ,000761,本钢板材,辽宁,普钢
281,000762.SZ,000762,西藏矿业,西藏,小金属
282,000766.SZ,000766,通化金马,吉林,化学制药
283,000767.SZ,000767,晋控电力,山西,火力发电
284,000768.SZ,000768,中航西飞,陕西,航空
285,000776.SZ,000776,广发证券,广东,证券
286,000777.SZ,000777,中核科技,江苏,机械基件
287,000778.SZ,000778,新兴铸管,河北,钢加工
288,000779.SZ,000779,甘咨询,甘肃,建筑工程
289,000782.SZ,000782,美达股份,广东,化纤
290,000783.SZ,000783,长江证券,湖北,证券
291,000785.SZ,000785,居然之家,湖北,百货
292,000786.SZ,000786,北新建材,北京,其他建材
293,000788.SZ,000788,北大医药,重庆,化学制药
294,000789.SZ,000789,万年青,江西,水泥
295,000790.SZ,000790,华神科技,四川,中成药
296,000791.SZ,000791,甘肃电投,甘肃,水力发电
297,000792.SZ,000792,盐湖股份,青海,农药化肥
298,000793.SZ,000793,华闻集团,海南,出版业
299,000795.SZ,000795,英洛华,浙江,矿物制品
300,000796.SZ,000796,ST凯撒,海南,旅游服务
301,000797.SZ,000797,中国武夷,福建,全国地产
302,000798.SZ,000798,中水渔业,北京,渔业
303,000799.SZ,000799,酒鬼酒,湖南,白酒
304,000800.SZ,000800,一汽解放,吉林,汽车整车
305,000801.SZ,000801,四川九洲,四川,家用电器
306,000802.SZ,000802,北京文化,北京,影视音像
307,000803.SZ,000803,北清环能,四川,环境保护
308,000806.SZ,000806,*ST银河,广西,电气设备
309,000807.SZ,000807,云铝股份,云南,铝
310,000809.SZ,000809,ST新城,辽宁,区域地产
311,000810.SZ,000810,创维数字,四川,家用电器
312,000811.SZ,000811,冰轮环境,山东,工程机械
313,000812.SZ,000812,陕西金叶,陕西,广告包装
314,000813.SZ,000813,德展健康,新疆,化学制药
315,000815.SZ,000815,美利云,宁夏,造纸
316,000816.SZ,000816,智慧农业,江苏,农用机械
317,000818.SZ,000818,航锦科技,湖北,化工原料
318,000819.SZ,000819,岳阳兴长,湖南,石油加工
319,000820.SZ,000820,*ST节能,江西,环境保护
320,000821.SZ,000821,京山轻机,湖北,电气设备
321,000822.SZ,000822,山东海化,山东,化工原料
322,000823.SZ,000823,超声电子,广东,元器件
323,000825.SZ,000825,太钢不锈,山西,特种钢
324,000826.SZ,000826,启迪环境,湖北,环境保护
325,000828.SZ,000828,东莞控股,广东,路桥
326,000829.SZ,000829,天音控股,江西,其他商业
327,000830.SZ,000830,鲁西化工,山东,农药化肥
328,000831.SZ,000831,五矿稀土,山西,小金属
329,000833.SZ,000833,粤桂股份,广西,食品
330,000836.SZ,000836,富通信息,天津,通信设备
331,000837.SZ,000837,秦川机床,陕西,机床制造
332,000838.SZ,000838,财信发展,重庆,区域地产
333,000839.SZ,000839,ST国安,北京,综合类
334,000848.SZ,000848,承德露露,河北,软饮料
335,000850.SZ,000850,华茂股份,安徽,纺织
336,000851.SZ,000851,高鸿股份,贵州,通信设备
337,000852.SZ,000852,石化机械,湖北,化工机械
338,000856.SZ,000856,冀东装备,河北,专用机械
339,000858.SZ,000858,五粮液,四川,白酒
340,000859.SZ,000859,国风新材,安徽,塑料
341,000860.SZ,000860,顺鑫农业,北京,白酒
342,000861.SZ,000861,海印股份,广东,其他商业
343,000862.SZ,000862,银星能源,宁夏,新型电力
344,000863.SZ,000863,三湘印象,上海,区域地产
345,000868.SZ,000868,安凯客车,安徽,汽车整车
346,000869.SZ,000869,张裕A,山东,红黄酒
347,000875.SZ,000875,吉电股份,吉林,火力发电
348,000876.SZ,000876,新希望,四川,饲料
349,000877.SZ,000877,天山股份,新疆,水泥
350,000878.SZ,000878,云南铜业,云南,铜
351,000880.SZ,000880,潍柴重机,山东,机械基件
352,000881.SZ,000881,中广核技,辽宁,综合类
353,000882.SZ,000882,华联股份,北京,其他商业
354,000883.SZ,000883,湖北能源,湖北,火力发电
355,000885.SZ,000885,城发环境,河南,路桥
356,000886.SZ,000886,海南高速,海南,路桥
357,000887.SZ,000887,中鼎股份,安徽,汽车配件
358,000888.SZ,000888,峨眉山A,四川,旅游景点
359,000889.SZ,000889,ST中嘉,河北,通信设备
360,000890.SZ,000890,法尔胜,江苏,钢加工
361,000892.SZ,000892,欢瑞世纪,重庆,影视音像
362,000893.SZ,000893,亚钾国际,广东,农药化肥
363,000895.SZ,000895,双汇发展,河南,食品
364,000897.SZ,000897,津滨发展,天津,区域地产
365,000898.SZ,000898,鞍钢股份,辽宁,普钢
366,000899.SZ,000899,赣能股份,江西,火力发电
367,000900.SZ,000900,现代投资,湖南,路桥
368,000901.SZ,000901,航天科技,黑龙江,汽车配件
369,000902.SZ,000902,新洋丰,湖北,农药化肥
370,000903.SZ,000903,云内动力,云南,汽车配件
371,000905.SZ,000905,厦门港务,福建,港口
372,000906.SZ,000906,浙商中拓,浙江,仓储物流
373,000908.SZ,000908,景峰医药,湖南,化学制药
374,000909.SZ,000909,数源科技,浙江,综合类
375,000910.SZ,000910,大亚圣象,江苏,家居用品
376,000911.SZ,000911,南宁糖业,广西,食品
377,000912.SZ,000912,泸天化,四川,农药化肥
378,000913.SZ,000913,钱江摩托,浙江,摩托车
379,000915.SZ,000915,华特达因,山东,化学制药
380,000917.SZ,000917,电广传媒,湖南,影视音像
381,000918.SZ,000918,嘉凯城,浙江,全国地产
382,000919.SZ,000919,金陵药业,江苏,化学制药
383,000920.SZ,000920,沃顿科技,贵州,环境保护
384,000921.SZ,000921,海信家电,广东,家用电器
385,000922.SZ,000922,佳电股份,黑龙江,电气设备
386,000923.SZ,000923,河钢资源,河北,普钢
387,000925.SZ,000925,众合科技,浙江,专用机械
388,000926.SZ,000926,福星股份,湖北,区域地产
389,000927.SZ,000927,中国铁物,天津,批发业
390,000928.SZ,000928,中钢国际,吉林,建筑工程
391,000929.SZ,000929,兰州黄河,甘肃,啤酒
392,000930.SZ,000930,中粮科技,安徽,农业综合
393,000931.SZ,000931,中关村,北京,生物制药
394,000932.SZ,000932,华菱钢铁,湖南,普钢
395,000933.SZ,000933,神火股份,河南,铝
396,000935.SZ,000935,四川双马,四川,水泥
397,000936.SZ,000936,华西股份,江苏,化纤
398,000937.SZ,000937,冀中能源,河北,煤炭开采
399,000938.SZ,000938,紫光股份,北京,软件服务
400,000948.SZ,000948,南天信息,云南,软件服务
401,000949.SZ,000949,新乡化纤,河南,化纤
402,000950.SZ,000950,重药控股,重庆,医药商业
403,000951.SZ,000951,中国重汽,山东,汽车整车
404,000952.SZ,000952,广济药业,湖北,化学制药
405,000953.SZ,000953,河化股份,广西,化学制药
406,000955.SZ,000955,欣龙控股,海南,纺织
407,000957.SZ,000957,中通客车,山东,汽车整车
408,000958.SZ,000958,电投产融,河北,多元金融
409,000959.SZ,000959,首钢股份,北京,普钢
410,000960.SZ,000960,锡业股份,云南,小金属
411,000961.SZ,000961,中南建设,江苏,建筑工程
412,000962.SZ,000962,东方钽业,宁夏,小金属
413,000963.SZ,000963,华东医药,浙江,化学制药
414,000965.SZ,000965,天保基建,天津,区域地产
415,000966.SZ,000966,长源电力,湖北,火力发电
416,000967.SZ,000967,盈峰环境,浙江,环境保护
417,000968.SZ,000968,蓝焰控股,山西,石油开采
418,000969.SZ,000969,安泰科技,北京,小金属
419,000970.SZ,000970,中科三环,北京,元器件
420,000971.SZ,000971,ST高升,湖北,互联网
421,000972.SZ,000972,*ST中基,新疆,食品
422,000973.SZ,000973,佛塑科技,广东,塑料
423,000975.SZ,000975,银泰黄金,内蒙,黄金
424,000976.SZ,000976,华铁股份,广东,运输设备
425,000977.SZ,000977,浪潮信息,山东,IT设备
426,000978.SZ,000978,桂林旅游,广西,旅游景点
427,000980.SZ,000980,ST众泰,浙江,汽车配件
428,000981.SZ,000981,*ST银亿,甘肃,汽车配件
429,000982.SZ,000982,中银绒业,宁夏,纺织
430,000983.SZ,000983,山西焦煤,山西,煤炭开采
431,000985.SZ,000985,大庆华科,黑龙江,化工原料
432,000987.SZ,000987,越秀金控,广东,多元金融
433,000988.SZ,000988,华工科技,湖北,专用机械
434,000989.SZ,000989,九芝堂,湖南,中成药
435,000990.SZ,000990,诚志股份,江西,化工原料
436,000993.SZ,000993,闽东电力,福建,水力发电
437,000995.SZ,000995,*ST皇台,甘肃,白酒
438,000996.SZ,000996,中国中期,北京,汽车服务
439,000997.SZ,000997,新大陆,福建,软件服务
440,000998.SZ,000998,隆平高科,湖南,种植业
441,000999.SZ,000999,华润三九,深圳,中成药
442,001201.SZ,001201,东瑞股份,广东,农业综合
443,001202.SZ,001202,炬申股份,广东,仓储物流
444,001203.SZ,001203,大中矿业,内蒙,普钢
445,001205.SZ,001205,盛航股份,江苏,水运
446,001206.SZ,001206,依依股份,天津,造纸
447,001207.SZ,001207,联科科技,山东,化工原料
448,001208.SZ,001208,华菱线缆,湖南,电气设备
449,001209.SZ,001209,洪兴股份,广东,服饰
450,001210.SZ,001210,金房节能,北京,供气供热
451,001211.SZ,001211,双枪科技,浙江,家居用品
452,001212.SZ,001212,中旗新材,广东,其他建材
453,001213.SZ,001213,中铁特货,北京,仓储物流
454,001215.SZ,001215,千味央厨,河南,食品
455,001216.SZ,001216,华瓷股份,湖南,家居用品
456,001217.SZ,001217,华尔泰,安徽,化工原料
457,001218.SZ,001218,丽臣实业,湖南,化工原料
458,001219.SZ,001219,青岛食品,山东,食品
459,001226.SZ,001226,拓山重工,安徽,工程机械
460,001227.SZ,001227,兰州银行,甘肃,银行
461,001228.SZ,001228,永泰运,浙江,仓储物流
462,001234.SZ,001234,泰慕士,江苏,服饰
463,001266.SZ,001266,宏英智能,上海,电器仪表
464,001267.SZ,001267,汇绿生态,湖北,建筑工程
465,001268.SZ,001268,联合精密,广东,机械基件
466,001270.SZ,001270,铖昌科技,浙江,半导体
467,001288.SZ,001288,运机集团,四川,专用机械
468,001289.SZ,001289,龙源电力,北京,新型电力
469,001296.SZ,001296,长江材料,重庆,其他建材
470,001308.SZ,001308,康冠科技,深圳,元器件
471,001309.SZ,001309,德明利,深圳,半导体
472,001313.SZ,001313,粤海饲料,广东,饲料
473,001316.SZ,001316,润贝航科,深圳,批发业
474,001317.SZ,001317,三羊马,重庆,仓储物流
475,001318.SZ,001318,阳光乳业,江西,乳制品
476,001319.SZ,001319,铭科精技,广东,汽车配件
477,001323.SZ,001323,慕思股份,广东,家居用品
478,001696.SZ,001696,宗申动力,重庆,摩托车
479,001872.SZ,001872,招商港口,深圳,港口
480,001896.SZ,001896,豫能控股,河南,火力发电
481,001914.SZ,001914,招商积余,深圳,房产服务
482,001965.SZ,001965,招商公路,天津,路桥
483,001979.SZ,001979,招商蛇口,深圳,全国地产
484,002001.SZ,002001,新和成,浙江,化学制药
485,002002.SZ,002002,鸿达兴业,江苏,化工原料
486,002003.SZ,002003,伟星股份,浙江,服饰
487,002004.SZ,002004,华邦健康,重庆,农药化肥
488,002005.SZ,002005,ST德豪,安徽,家用电器
489,002006.SZ,002006,精功科技,浙江,专用机械
490,002007.SZ,002007,华兰生物,河南,生物制药
491,002008.SZ,002008,大族激光,深圳,电器仪表
492,002009.SZ,002009,天奇股份,江苏,工程机械
493,002010.SZ,002010,传化智联,浙江,仓储物流
494,002011.SZ,002011,盾安环境,浙江,家用电器
495,002012.SZ,002012,凯恩股份,浙江,造纸
496,002013.SZ,002013,中航机电,湖北,航空
497,002014.SZ,002014,永新股份,安徽,塑料
498,002015.SZ,002015,协鑫能科,江苏,新型电力
499,002016.SZ,002016,世荣兆业,广东,区域地产
500,002017.SZ,002017,东信和平,广东,通信设备
501,002019.SZ,002019,亿帆医药,浙江,化学制药
502,002020.SZ,002020,京新药业,浙江,化学制药
503,002021.SZ,002021,ST中捷,浙江,纺织机械
504,002022.SZ,002022,*ST科华,上海,医疗保健
505,002023.SZ,002023,海特高新,四川,航空
506,002024.SZ,002024,ST易购,江苏,电器连锁
507,002025.SZ,002025,航天电器,贵州,元器件
508,002026.SZ,002026,山东威达,山东,机械基件
509,002027.SZ,002027,分众传媒,广东,广告包装
510,002028.SZ,002028,思源电气,上海,电气设备
511,002029.SZ,002029,七匹狼,福建,服饰
512,002030.SZ,002030,达安基因,广东,医疗保健
513,002031.SZ,002031,巨轮智能,广东,汽车配件
514,002032.SZ,002032,苏泊尔,浙江,家用电器
515,002033.SZ,002033,丽江股份,云南,旅游景点
516,002034.SZ,002034,旺能环境,浙江,环境保护
517,002035.SZ,002035,华帝股份,广东,家用电器
518,002036.SZ,002036,联创电子,江西,元器件
519,002037.SZ,002037,保利联合,贵州,化工原料
520,002038.SZ,002038,双鹭药业,北京,生物制药
521,002039.SZ,002039,黔源电力,贵州,水力发电
522,002040.SZ,002040,南京港,江苏,港口
523,002041.SZ,002041,登海种业,山东,种植业
524,002042.SZ,002042,华孚时尚,安徽,纺织
525,002043.SZ,002043,兔宝宝,浙江,其他建材
526,002044.SZ,002044,美年健康,江苏,医疗保健
527,002045.SZ,002045,国光电器,广东,元器件
528,002046.SZ,002046,国机精工,河南,机械基件
529,002047.SZ,002047,宝鹰股份,深圳,装修装饰
530,002048.SZ,002048,宁波华翔,浙江,汽车配件
531,002049.SZ,002049,紫光国微,河北,元器件
532,002050.SZ,002050,三花智控,浙江,家用电器
533,002051.SZ,002051,中工国际,北京,建筑工程
534,002052.SZ,002052,*ST同洲,深圳,家用电器
535,002053.SZ,002053,云南能投,云南,食品
536,002054.SZ,002054,德美化工,广东,化工原料
537,002055.SZ,002055,得润电子,深圳,元器件
538,002056.SZ,002056,横店东磁,浙江,元器件
539,002057.SZ,002057,中钢天源,安徽,元器件
540,002058.SZ,002058,威尔泰,上海,电器仪表
541,002059.SZ,002059,云南旅游,云南,旅游景点
542,002060.SZ,002060,粤水电,广东,建筑工程
543,002061.SZ,002061,浙江交科,浙江,建筑工程
544,002062.SZ,002062,宏润建设,浙江,建筑工程
545,002063.SZ,002063,远光软件,广东,软件服务
546,002064.SZ,002064,华峰化学,浙江,化纤
547,002065.SZ,002065,东华软件,北京,软件服务
548,002066.SZ,002066,瑞泰科技,北京,其他建材
549,002067.SZ,002067,景兴纸业,浙江,造纸
550,002068.SZ,002068,黑猫股份,江西,化工原料
551,002069.SZ,002069,ST獐子岛,辽宁,渔业
552,002072.SZ,002072,*ST凯瑞,湖北,商贸代理
553,002073.SZ,002073,软控股份,山东,软件服务
554,002074.SZ,002074,国轩高科,安徽,电气设备
555,002075.SZ,002075,沙钢股份,江苏,特种钢
556,002076.SZ,002076,*ST雪莱,广东,家用电器
557,002077.SZ,002077,大港股份,江苏,半导体
558,002078.SZ,002078,太阳纸业,山东,造纸
559,002079.SZ,002079,苏州固锝,江苏,半导体
560,002080.SZ,002080,中材科技,江苏,化纤
561,002081.SZ,002081,金螳螂,江苏,装修装饰
562,002082.SZ,002082,万邦德,浙江,中成药
563,002083.SZ,002083,孚日股份,山东,纺织
564,002084.SZ,002084,海鸥住工,广东,家居用品
565,002085.SZ,002085,万丰奥威,浙江,汽车配件
566,002086.SZ,002086,ST东洋,山东,渔业
567,002087.SZ,002087,新野纺织,河南,纺织
568,002088.SZ,002088,鲁阳节能,山东,矿物制品
569,002089.SZ,002089,ST新海,江苏,通信设备
570,002090.SZ,002090,金智科技,江苏,软件服务
571,002091.SZ,002091,江苏国泰,江苏,商贸代理
572,002092.SZ,002092,中泰化学,新疆,化工原料
573,002093.SZ,002093,国脉科技,福建,通信设备
574,002094.SZ,002094,青岛金王,山东,日用化工
575,002095.SZ,002095,生意宝,浙江,互联网
576,002096.SZ,002096,南岭民爆,湖南,化工原料
577,002097.SZ,002097,山河智能,湖南,工程机械
578,002098.SZ,002098,浔兴股份,福建,服饰
579,002099.SZ,002099,海翔药业,浙江,化学制药
580,002100.SZ,002100,天康生物,新疆,饲料
581,002101.SZ,002101,广东鸿图,广东,汽车配件
582,002102.SZ,002102,ST冠福,福建,化学制药
583,002103.SZ,002103,广博股份,浙江,文教休闲
584,002104.SZ,002104,恒宝股份,江苏,元器件
585,002105.SZ,002105,信隆健康,深圳,摩托车
586,002106.SZ,002106,莱宝高科,深圳,元器件
587,002107.SZ,002107,沃华医药,山东,中成药
588,002108.SZ,002108,沧州明珠,河北,塑料
589,002109.SZ,002109,兴化股份,陕西,化工原料
590,002110.SZ,002110,三钢闽光,福建,普钢
591,002111.SZ,002111,威海广泰,山东,航空
592,002112.SZ,002112,三变科技,浙江,电气设备
593,002113.SZ,002113,ST天润,湖南,互联网
594,002114.SZ,002114,罗平锌电,云南,铅锌
595,002115.SZ,002115,三维通信,浙江,广告包装
596,002116.SZ,002116,中国海诚,上海,建筑工程
597,002117.SZ,002117,东港股份,山东,广告包装
598,002118.SZ,002118,紫鑫药业,吉林,中成药
599,002119.SZ,002119,康强电子,浙江,半导体
600,002120.SZ,002120,韵达股份,浙江,仓储物流
601,002121.SZ,002121,科陆电子,深圳,电器仪表
602,002122.SZ,002122,ST天马,浙江,机械基件
603,002123.SZ,002123,梦网科技,辽宁,互联网
604,002124.SZ,002124,天邦食品,浙江,饲料
605,002125.SZ,002125,湘潭电化,湖南,化工原料
606,002126.SZ,002126,银轮股份,浙江,汽车配件
607,002127.SZ,002127,南极电商,江苏,互联网
608,002128.SZ,002128,电投能源,内蒙,煤炭开采
609,002129.SZ,002129,TCL中环,天津,电气设备
610,002130.SZ,002130,沃尔核材,深圳,电气设备
611,002131.SZ,002131,利欧股份,浙江,互联网
612,002132.SZ,002132,恒星科技,河南,钢加工
613,002133.SZ,002133,广宇集团,浙江,全国地产
614,002134.SZ,002134,天津普林,天津,元器件
615,002135.SZ,002135,东南网架,浙江,钢加工
616,002136.SZ,002136,安纳达,安徽,化工原料
617,002137.SZ,002137,实益达,深圳,通信设备
618,002138.SZ,002138,顺络电子,深圳,元器件
619,002139.SZ,002139,拓邦股份,深圳,元器件
620,002140.SZ,002140,东华科技,安徽,建筑工程
621,002141.SZ,002141,贤丰控股,广东,电气设备
622,002142.SZ,002142,宁波银行,浙江,银行
623,002144.SZ,002144,宏达高科,浙江,纺织
624,002145.SZ,002145,中核钛白,甘肃,化工原料
625,002146.SZ,002146,荣盛发展,河北,全国地产
626,002148.SZ,002148,北纬科技,北京,互联网
627,002149.SZ,002149,西部材料,陕西,小金属
628,002150.SZ,002150,通润装备,江苏,机械基件
629,002151.SZ,002151,北斗星通,北京,通信设备
630,002152.SZ,002152,广电运通,广东,IT设备
631,002153.SZ,002153,石基信息,北京,软件服务
632,002154.SZ,002154,报喜鸟,浙江,服饰
633,002155.SZ,002155,湖南黄金,湖南,黄金
634,002156.SZ,002156,通富微电,江苏,半导体
635,002157.SZ,002157,正邦科技,江西,农业综合
636,002158.SZ,002158,汉钟精机,上海,工程机械
637,002159.SZ,002159,三特索道,湖北,旅游服务
638,002160.SZ,002160,常铝股份,江苏,铝
639,002161.SZ,002161,远望谷,深圳,通信设备
640,002162.SZ,002162,悦心健康,上海,陶瓷
641,002163.SZ,002163,海南发展,深圳,装修装饰
642,002164.SZ,002164,宁波东力,浙江,电气设备
643,002165.SZ,002165,红宝丽,江苏,化工原料
644,002166.SZ,002166,莱茵生物,广西,中成药
645,002167.SZ,002167,东方锆业,广东,小金属
646,002168.SZ,002168,惠程科技,深圳,互联网
647,002169.SZ,002169,智光电气,广东,电气设备
648,002170.SZ,002170,芭田股份,深圳,农药化肥
649,002171.SZ,002171,楚江新材,安徽,铜
650,002172.SZ,002172,澳洋健康,江苏,化纤
651,002173.SZ,002173,创新医疗,浙江,医疗保健
652,002174.SZ,002174,游族网络,福建,互联网
653,002175.SZ,002175,东方网络,广西,电器仪表
654,002176.SZ,002176,江特电机,江西,电气设备
655,002177.SZ,002177,*ST御银,广东,IT设备
656,002178.SZ,002178,延华智能,上海,软件服务
657,002179.SZ,002179,中航光电,河南,元器件
658,002180.SZ,002180,纳思达,广东,IT设备
659,002181.SZ,002181,粤传媒,广东,出版业
660,002182.SZ,002182,云海金属,江苏,小金属
661,002183.SZ,002183,怡亚通,深圳,仓储物流
662,002184.SZ,002184,海得控制,上海,软件服务
663,002185.SZ,002185,华天科技,甘肃,半导体
664,002186.SZ,002186,全聚德,北京,酒店餐饮
665,002187.SZ,002187,广百股份,广东,百货
666,002188.SZ,002188,巴士在线,浙江,房产服务
667,002189.SZ,002189,中光学,河南,元器件
668,002190.SZ,002190,成飞集成,四川,汽车配件
669,002191.SZ,002191,劲嘉股份,深圳,广告包装
670,002192.SZ,002192,融捷股份,广东,小金属
671,002193.SZ,002193,如意集团,山东,纺织
672,002194.SZ,002194,武汉凡谷,湖北,通信设备
673,002195.SZ,002195,二三四五,上海,软件服务
674,002196.SZ,002196,方正电机,浙江,纺织机械
675,002197.SZ,002197,证通电子,深圳,电器仪表
676,002198.SZ,002198,嘉应制药,广东,中成药
677,002199.SZ,002199,东晶电子,浙江,元器件
678,002200.SZ,002200,ST云投,云南,建筑工程
679,002201.SZ,002201,正威新材,江苏,玻璃
680,002202.SZ,002202,金风科技,新疆,电气设备
681,002203.SZ,002203,海亮股份,浙江,铜
682,002204.SZ,002204,大连重工,辽宁,专用机械
683,002205.SZ,002205,国统股份,新疆,其他建材
684,002206.SZ,002206,海利得,浙江,化纤
685,002207.SZ,002207,准油股份,新疆,石油开采
686,002208.SZ,002208,合肥城建,安徽,区域地产
687,002209.SZ,002209,达意隆,广东,轻工机械
688,002210.SZ,002210,飞马国际,深圳,仓储物流
689,002211.SZ,002211,ST宏达,上海,橡胶
690,002212.SZ,002212,天融信,广东,软件服务
691,002213.SZ,002213,大为股份,深圳,汽车配件
692,002214.SZ,002214,大立科技,浙江,电器仪表
693,002215.SZ,002215,诺普信,深圳,农药化肥
694,002216.SZ,002216,三全食品,河南,食品
695,002217.SZ,002217,合力泰,福建,元器件
696,002218.SZ,002218,拓日新能,深圳,电气设备
697,002219.SZ,002219,恒康医疗,甘肃,医疗保健
698,002221.SZ,002221,东华能源,江苏,石油贸易
699,002222.SZ,002222,福晶科技,福建,元器件
700,002223.SZ,002223,鱼跃医疗,江苏,医疗保健
701,002224.SZ,002224,三力士,浙江,橡胶
702,002225.SZ,002225,濮耐股份,河南,其他建材
703,002226.SZ,002226,江南化工,安徽,化工原料
704,002227.SZ,002227,奥特迅,深圳,电气设备
705,002228.SZ,002228,合兴包装,福建,广告包装
706,002229.SZ,002229,鸿博股份,福建,广告包装
707,002230.SZ,002230,科大讯飞,安徽,软件服务
708,002231.SZ,002231,奥维通信,辽宁,通信设备
709,002232.SZ,002232,启明信息,吉林,软件服务
710,002233.SZ,002233,塔牌集团,广东,水泥
711,002234.SZ,002234,民和股份,山东,农业综合
712,002235.SZ,002235,安妮股份,福建,造纸
713,002236.SZ,002236,大华股份,浙江,电器仪表
714,002237.SZ,002237,恒邦股份,山东,黄金
715,002238.SZ,002238,天威视讯,深圳,影视音像
716,002239.SZ,002239,奥特佳,江苏,汽车配件
717,002240.SZ,002240,盛新锂能,四川,小金属
718,002241.SZ,002241,歌尔股份,山东,元器件
719,002242.SZ,002242,九阳股份,山东,家用电器
720,002243.SZ,002243,力合科创,深圳,塑料
721,002244.SZ,002244,滨江集团,浙江,区域地产
722,002245.SZ,002245,蔚蓝锂芯,江苏,电气设备
723,002246.SZ,002246,北化股份,四川,化工原料
724,002247.SZ,002247,聚力文化,浙江,其他建材
725,002248.SZ,002248,华东数控,山东,机床制造
726,002249.SZ,002249,大洋电机,广东,电气设备
727,002250.SZ,002250,联化科技,浙江,化工原料
728,002251.SZ,002251,步步高,湖南,超市连锁
729,002252.SZ,002252,上海莱士,上海,生物制药
730,002253.SZ,002253,川大智胜,四川,软件服务
731,002254.SZ,002254,泰和新材,山东,化纤
732,002255.SZ,002255,海陆重工,江苏,专用机械
733,002256.SZ,002256,兆新股份,深圳,新型电力
734,002258.SZ,002258,利尔化学,四川,农药化肥
735,002259.SZ,002259,ST升达,四川,供气供热
736,002261.SZ,002261,拓维信息,湖南,软件服务
737,002262.SZ,002262,恩华药业,江苏,化学制药
738,002263.SZ,002263,大东南,浙江,塑料
739,002264.SZ,002264,新华都,福建,超市连锁
740,002265.SZ,002265,西仪股份,云南,汽车配件
741,002266.SZ,002266,浙富控股,浙江,环境保护
742,002267.SZ,002267,陕天然气,陕西,供气供热
743,002268.SZ,002268,卫士通,四川,软件服务
744,002269.SZ,002269,美邦服饰,上海,服饰
745,002270.SZ,002270,华明装备,山东,电气设备
746,002271.SZ,002271,东方雨虹,北京,其他建材
747,002272.SZ,002272,川润股份,四川,机械基件
748,002273.SZ,002273,水晶光电,浙江,元器件
749,002274.SZ,002274,华昌化工,江苏,农药化肥
750,002275.SZ,002275,桂林三金,广西,中成药
751,002276.SZ,002276,万马股份,浙江,电气设备
752,002277.SZ,002277,友阿股份,湖南,百货
753,002278.SZ,002278,神开股份,上海,化工机械
754,002279.SZ,002279,久其软件,北京,软件服务
755,002280.SZ,002280,联络互动,浙江,软件服务
756,002281.SZ,002281,光迅科技,湖北,通信设备
757,002282.SZ,002282,博深股份,河北,轻工机械
758,002283.SZ,002283,天润工业,山东,汽车配件
759,002284.SZ,002284,亚太股份,浙江,汽车配件
760,002285.SZ,002285,世联行,深圳,房产服务
761,002286.SZ,002286,保龄宝,山东,食品
762,002287.SZ,002287,奇正藏药,西藏,中成药
763,002288.SZ,002288,超华科技,广东,元器件
764,002289.SZ,002289,宇顺电子,深圳,元器件
765,002290.SZ,002290,禾盛新材,江苏,家用电器
766,002291.SZ,002291,星期六,广东,广告包装
767,002292.SZ,002292,奥飞娱乐,广东,影视音像
768,002293.SZ,002293,罗莱生活,江苏,纺织
769,002294.SZ,002294,信立泰,深圳,化学制药
770,002295.SZ,002295,精艺股份,广东,铜
771,002296.SZ,002296,辉煌科技,河南,通信设备
772,002297.SZ,002297,博云新材,湖南,矿物制品
773,002298.SZ,002298,中电兴发,安徽,软件服务
774,002299.SZ,002299,圣农发展,福建,农业综合
775,002300.SZ,002300,太阳电缆,福建,电气设备
776,002301.SZ,002301,齐心集团,深圳,文教休闲
777,002302.SZ,002302,西部建设,新疆,水泥
778,002303.SZ,002303,美盈森,深圳,造纸
779,002304.SZ,002304,洋河股份,江苏,白酒
780,002305.SZ,002305,南国置业,湖北,区域地产
781,002306.SZ,002306,中科云网,北京,互联网
782,002307.SZ,002307,北新路桥,新疆,建筑工程
783,002308.SZ,002308,威创股份,广东,IT设备
784,002309.SZ,002309,ST中利,江苏,电气设备
785,002310.SZ,002310,东方园林,北京,建筑工程
786,002311.SZ,002311,海大集团,广东,饲料
787,002312.SZ,002312,川发龙蟒,四川,化工原料
788,002313.SZ,002313,*ST日海,深圳,通信设备
789,002314.SZ,002314,南山控股,深圳,区域地产
790,002315.SZ,002315,焦点科技,江苏,互联网
791,002316.SZ,002316,*ST亚联,深圳,软件服务
792,002317.SZ,002317,众生药业,广东,中成药
793,002318.SZ,002318,久立特材,浙江,特种钢
794,002319.SZ,002319,乐通股份,广东,染料涂料
795,002320.SZ,002320,海峡股份,海南,水运
796,002321.SZ,002321,ST华英,河南,农业综合
797,002322.SZ,002322,理工能科,浙江,软件服务
798,002323.SZ,002323,雅博股份,山东,建筑工程
799,002324.SZ,002324,普利特,上海,塑料
800,002325.SZ,002325,洪涛股份,深圳,装修装饰
801,002326.SZ,002326,永太科技,浙江,化工原料
802,002327.SZ,002327,富安娜,深圳,纺织
803,002328.SZ,002328,新朋股份,上海,汽车配件
804,002329.SZ,002329,皇氏集团,广西,乳制品
805,002330.SZ,002330,得利斯,山东,食品
806,002331.SZ,002331,皖通科技,安徽,软件服务
807,002332.SZ,002332,仙琚制药,浙江,生物制药
808,002333.SZ,002333,罗普斯金,江苏,铝
809,002334.SZ,002334,英威腾,深圳,电气设备
810,002335.SZ,002335,科华数据,福建,电气设备
811,002336.SZ,002336,人人乐,深圳,超市连锁
812,002337.SZ,002337,赛象科技,天津,化工机械
813,002338.SZ,002338,奥普光电,吉林,电器仪表
814,002339.SZ,002339,积成电子,山东,电气设备
815,002340.SZ,002340,格林美,深圳,小金属
816,002341.SZ,002341,新纶新材,深圳,化工原料
817,002342.SZ,002342,巨力索具,河北,机械基件
818,002343.SZ,002343,慈文传媒,浙江,影视音像
819,002344.SZ,002344,海宁皮城,浙江,商品城
820,002345.SZ,002345,潮宏基,广东,服饰
821,002346.SZ,002346,柘中股份,上海,电气设备
822,002347.SZ,002347,泰尔股份,安徽,机械基件
823,002348.SZ,002348,高乐股份,广东,文教休闲
824,002349.SZ,002349,精华制药,江苏,中成药
825,002350.SZ,002350,北京科锐,北京,电气设备
826,002351.SZ,002351,漫步者,深圳,IT设备
827,002352.SZ,002352,顺丰控股,深圳,仓储物流
828,002353.SZ,002353,杰瑞股份,山东,化工机械
829,002354.SZ,002354,天娱数科,辽宁,互联网
830,002355.SZ,002355,兴民智通,山东,汽车配件
831,002356.SZ,002356,赫美集团,深圳,其他商业
832,002357.SZ,002357,富临运业,四川,公路
833,002358.SZ,002358,ST森源,河南,电气设备
834,002360.SZ,002360,同德化工,山西,化工原料
835,002361.SZ,002361,神剑股份,安徽,化工原料
836,002362.SZ,002362,汉王科技,北京,软件服务
837,002363.SZ,002363,隆基机械,山东,汽车配件
838,002364.SZ,002364,中恒电气,浙江,电气设备
839,002365.SZ,002365,永安药业,湖北,化学制药
840,002366.SZ,002366,*ST海核,四川,专用机械
841,002367.SZ,002367,康力电梯,江苏,运输设备
842,002368.SZ,002368,太极股份,北京,软件服务
843,002369.SZ,002369,卓翼科技,深圳,通信设备
844,002370.SZ,002370,亚太药业,浙江,化学制药
845,002371.SZ,002371,北方华创,北京,半导体
846,002372.SZ,002372,伟星新材,浙江,其他建材
847,002373.SZ,002373,千方科技,北京,软件服务
848,002374.SZ,002374,中锐股份,山东,广告包装
849,002375.SZ,002375,亚厦股份,浙江,装修装饰
850,002376.SZ,002376,新北洋,山东,IT设备
851,002377.SZ,002377,国创高新,湖北,房产服务
852,002378.SZ,002378,章源钨业,江西,小金属
853,002379.SZ,002379,宏创控股,山东,铝
854,002380.SZ,002380,科远智慧,江苏,电气设备
855,002381.SZ,002381,双箭股份,浙江,橡胶
856,002382.SZ,002382,蓝帆医疗,山东,医疗保健
857,002383.SZ,002383,合众思壮,北京,通信设备
858,002384.SZ,002384,东山精密,江苏,元器件
859,002385.SZ,002385,大北农,北京,饲料
860,002386.SZ,002386,天原股份,四川,化工原料
861,002387.SZ,002387,维信诺,江苏,元器件
862,002388.SZ,002388,新亚制程,深圳,元器件
863,002389.SZ,002389,航天彩虹,浙江,航空
864,002390.SZ,002390,信邦制药,贵州,中成药
865,002391.SZ,002391,长青股份,江苏,农药化肥
866,002392.SZ,002392,北京利尔,北京,其他建材
867,002393.SZ,002393,力生制药,天津,化学制药
868,002394.SZ,002394,联发股份,江苏,纺织
869,002395.SZ,002395,双象股份,江苏,塑料
870,002396.SZ,002396,星网锐捷,福建,通信设备
871,002397.SZ,002397,梦洁股份,湖南,纺织
872,002398.SZ,002398,垒知集团,福建,其他建材
873,002399.SZ,002399,海普瑞,深圳,化学制药
874,002400.SZ,002400,省广集团,广东,广告包装
875,002401.SZ,002401,中远海科,上海,软件服务
876,002402.SZ,002402,和而泰,深圳,元器件
877,002403.SZ,002403,爱仕达,浙江,家用电器
878,002404.SZ,002404,嘉欣丝绸,浙江,纺织
879,002405.SZ,002405,四维图新,北京,软件服务
880,002406.SZ,002406,远东传动,河南,汽车配件
881,002407.SZ,002407,多氟多,河南,化工原料
882,002408.SZ,002408,齐翔腾达,山东,化工原料
883,002409.SZ,002409,雅克科技,江苏,化工原料
884,002410.SZ,002410,广联达,北京,软件服务
885,002411.SZ,002411,*ST必康,陕西,化学制药
886,002412.SZ,002412,汉森制药,湖南,中成药
887,002413.SZ,002413,雷科防务,江苏,通信设备
888,002414.SZ,002414,高德红外,湖北,电器仪表
889,002415.SZ,002415,海康威视,浙江,电器仪表
890,002416.SZ,002416,爱施德,深圳,电器连锁
891,002417.SZ,002417,*ST深南,深圳,软件服务
892,002418.SZ,002418,康盛股份,浙江,家用电器
893,002419.SZ,002419,天虹股份,深圳,百货
894,002420.SZ,002420,毅昌科技,广东,家用电器
895,002421.SZ,002421,达实智能,深圳,软件服务
896,002422.SZ,002422,科伦药业,四川,化学制药
897,002423.SZ,002423,中粮资本,河南,多元金融
898,002424.SZ,002424,贵州百灵,贵州,中成药
899,002425.SZ,002425,凯撒文化,广东,互联网
900,002426.SZ,002426,胜利精密,江苏,元器件
901,002427.SZ,002427,*ST尤夫,浙江,化纤
902,002428.SZ,002428,云南锗业,云南,小金属
903,002429.SZ,002429,兆驰股份,深圳,家用电器
904,002430.SZ,002430,杭氧股份,浙江,化工机械
905,002431.SZ,002431,棕榈股份,河南,建筑工程
906,002432.SZ,002432,九安医疗,天津,医疗保健
907,002433.SZ,002433,太安堂,广东,中成药
908,002434.SZ,002434,万里扬,浙江,汽车配件
909,002435.SZ,002435,长江健康,江苏,化学制药
910,002436.SZ,002436,兴森科技,深圳,元器件
911,002437.SZ,002437,誉衡药业,黑龙江,化学制药
912,002438.SZ,002438,江苏神通,江苏,机械基件
913,002439.SZ,002439,启明星辰,北京,软件服务
914,002440.SZ,002440,闰土股份,浙江,染料涂料
915,002441.SZ,002441,众业达,广东,电气设备
916,002442.SZ,002442,龙星化工,河北,化工原料
917,002443.SZ,002443,金洲管道,浙江,钢加工
918,002444.SZ,002444,巨星科技,浙江,轻工机械
919,002445.SZ,002445,中南文化,江苏,钢加工
920,002446.SZ,002446,盛路通信,广东,通信设备
921,002448.SZ,002448,中原内配,河南,汽车配件
922,002449.SZ,002449,国星光电,广东,半导体
923,002451.SZ,002451,摩恩电气,上海,电气设备
924,002452.SZ,002452,长高电新,湖南,电气设备
925,002453.SZ,002453,华软科技,江苏,软件服务
926,002454.SZ,002454,松芝股份,上海,汽车配件
927,002455.SZ,002455,百川股份,江苏,化工原料
928,002456.SZ,002456,欧菲光,深圳,元器件
929,002457.SZ,002457,青龙管业,宁夏,塑料
930,002458.SZ,002458,益生股份,山东,农业综合
931,002459.SZ,002459,晶澳科技,河北,电气设备
932,002460.SZ,002460,赣锋锂业,江西,小金属
933,002461.SZ,002461,珠江啤酒,广东,啤酒
934,002462.SZ,002462,嘉事堂,北京,医药商业
935,002463.SZ,002463,沪电股份,江苏,元器件
936,002465.SZ,002465,海格通信,广东,通信设备
937,002466.SZ,002466,天齐锂业,四川,小金属
938,002467.SZ,002467,二六三,北京,电信运营
939,002468.SZ,002468,申通快递,浙江,仓储物流
940,002469.SZ,002469,三维化学,山东,化工原料
941,002470.SZ,002470,ST金正,山东,农药化肥
942,002471.SZ,002471,中超控股,江苏,电气设备
943,002472.SZ,002472,双环传动,浙江,汽车配件
944,002474.SZ,002474,榕基软件,福建,软件服务
945,002475.SZ,002475,立讯精密,深圳,元器件
946,002476.SZ,002476,宝莫股份,山东,化工原料
947,002478.SZ,002478,常宝股份,江苏,钢加工
948,002479.SZ,002479,富春环保,浙江,环境保护
949,002480.SZ,002480,新筑股份,四川,机械基件
950,002481.SZ,002481,双塔食品,山东,食品
951,002482.SZ,002482,ST广田,深圳,装修装饰
952,002483.SZ,002483,润邦股份,江苏,工程机械
953,002484.SZ,002484,江海股份,江苏,元器件
954,002485.SZ,002485,*ST雪发,山东,服饰
955,002486.SZ,002486,嘉麟杰,上海,服饰
956,002487.SZ,002487,大金重工,辽宁,电气设备
957,002488.SZ,002488,金固股份,浙江,汽车配件
958,002489.SZ,002489,浙江永强,浙江,家居用品
959,002490.SZ,002490,山东墨龙,山东,化工机械
960,002491.SZ,002491,通鼎互联,江苏,通信设备
961,002492.SZ,002492,恒基达鑫,广东,仓储物流
962,002493.SZ,002493,荣盛石化,浙江,化纤
963,002494.SZ,002494,华斯股份,河北,服饰
964,002495.SZ,002495,佳隆股份,广东,食品
965,002496.SZ,002496,辉丰股份,江苏,农药化肥
966,002497.SZ,002497,雅化集团,四川,化工原料
967,002498.SZ,002498,汉缆股份,山东,电气设备
968,002499.SZ,002499,*ST科林,江苏,环境保护
969,002500.SZ,002500,山西证券,山西,证券
970,002501.SZ,002501,利源精制,吉林,铝
971,002502.SZ,002502,鼎龙文化,广东,影视音像
972,002503.SZ,002503,搜于特,广东,服饰
973,002504.SZ,002504,ST弘高,北京,装修装饰
974,002505.SZ,002505,鹏都农牧,湖南,商贸代理
975,002506.SZ,002506,协鑫集成,上海,电气设备
976,002507.SZ,002507,涪陵榨菜,重庆,食品
977,002508.SZ,002508,老板电器,浙江,家用电器
978,002510.SZ,002510,天汽模,天津,汽车配件
979,002511.SZ,002511,中顺洁柔,广东,造纸
980,002512.SZ,002512,达华智能,福建,元器件
981,002513.SZ,002513,蓝丰生化,江苏,农药化肥
982,002514.SZ,002514,宝馨科技,江苏,机械基件
983,002515.SZ,002515,金字火腿,浙江,食品
984,002516.SZ,002516,旷达科技,江苏,汽车配件
985,002517.SZ,002517,恺英网络,福建,互联网
986,002518.SZ,002518,科士达,深圳,电气设备
987,002519.SZ,002519,银河电子,江苏,通信设备
988,002520.SZ,002520,日发精机,浙江,机床制造
989,002521.SZ,002521,齐峰新材,山东,造纸
990,002522.SZ,002522,浙江众成,浙江,塑料
991,002523.SZ,002523,天桥起重,湖南,工程机械
992,002524.SZ,002524,光正眼科,新疆,医疗保健
993,002526.SZ,002526,山东矿机,山东,工程机械
994,002527.SZ,002527,新时达,上海,电器仪表
995,002528.SZ,002528,英飞拓,深圳,IT设备
996,002529.SZ,002529,海源复材,江西,专用机械
997,002530.SZ,002530,金财互联,江苏,软件服务
998,002531.SZ,002531,天顺风能,江苏,电气设备
999,002532.SZ,002532,天山铝业,浙江,铝
1000,002533.SZ,002533,金杯电工,湖南,电气设备
1001,002534.SZ,002534,西子洁能,浙江,专用机械
1002,002535.SZ,002535,ST林重,河南,工程机械
1003,002536.SZ,002536,飞龙股份,河南,汽车配件
1004,002537.SZ,002537,海联金汇,山东,汽车配件
1005,002538.SZ,002538,司尔特,安徽,农药化肥
1006,002539.SZ,002539,云图控股,四川,农药化肥
1007,002540.SZ,002540,亚太科技,江苏,铝
1008,002541.SZ,002541,鸿路钢构,安徽,钢加工
1009,002542.SZ,002542,中化岩土,北京,建筑工程
1010,002543.SZ,002543,万和电气,广东,家用电器
1011,002544.SZ,002544,普天科技,广东,通信设备
1012,002545.SZ,002545,东方铁塔,山东,钢加工
1013,002546.SZ,002546,新联电子,江苏,电气设备
1014,002547.SZ,002547,春兴精工,江苏,通信设备
1015,002548.SZ,002548,金新农,深圳,饲料
1016,002549.SZ,002549,凯美特气,湖南,环境保护
1017,002550.SZ,002550,千红制药,江苏,生物制药
1018,002551.SZ,002551,尚荣医疗,深圳,医疗保健
1019,002552.SZ,002552,宝鼎科技,浙江,机械基件
1020,002553.SZ,002553,南方精工,江苏,汽车配件
1021,002554.SZ,002554,惠博普,湖南,石油开采
1022,002555.SZ,002555,三七互娱,安徽,互联网
1023,002556.SZ,002556,辉隆股份,安徽,农药化肥
1024,002557.SZ,002557,洽洽食品,安徽,食品
1025,002558.SZ,002558,巨人网络,重庆,互联网
1026,002559.SZ,002559,亚威股份,江苏,机床制造
1027,002560.SZ,002560,通达股份,河南,电气设备
1028,002561.SZ,002561,徐家汇,上海,百货
1029,002562.SZ,002562,兄弟科技,浙江,化学制药
1030,002563.SZ,002563,森马服饰,浙江,服饰
1031,002564.SZ,002564,天沃科技,江苏,建筑工程
1032,002565.SZ,002565,顺灏股份,上海,造纸
1033,002566.SZ,002566,益盛药业,吉林,中成药
1034,002567.SZ,002567,唐人神,湖南,饲料
1035,002568.SZ,002568,百润股份,上海,红黄酒
1036,002569.SZ,002569,ST步森,浙江,服饰
1037,002570.SZ,002570,贝因美,浙江,乳制品
1038,002571.SZ,002571,德力股份,安徽,家居用品
1039,002572.SZ,002572,索菲亚,广东,家居用品
1040,002573.SZ,002573,清新环境,北京,环境保护
1041,002574.SZ,002574,明牌珠宝,浙江,服饰
1042,002575.SZ,002575,群兴玩具,广东,文教休闲
1043,002576.SZ,002576,通达动力,江苏,电气设备
1044,002577.SZ,002577,雷柏科技,深圳,IT设备
1045,002578.SZ,002578,闽发铝业,福建,铝
1046,002579.SZ,002579,中京电子,广东,元器件
1047,002580.SZ,002580,圣阳股份,山东,电气设备
1048,002581.SZ,002581,未名医药,山东,生物制药
1049,002582.SZ,002582,好想你,河南,食品
1050,002583.SZ,002583,海能达,深圳,通信设备
1051,002584.SZ,002584,西陇科学,广东,化工原料
1052,002585.SZ,002585,双星新材,江苏,塑料
1053,002586.SZ,002586,*ST围海,浙江,建筑工程
1054,002587.SZ,002587,奥拓电子,深圳,元器件
1055,002588.SZ,002588,史丹利,山东,农药化肥
1056,002589.SZ,002589,瑞康医药,山东,医药商业
1057,002590.SZ,002590,万安科技,浙江,汽车配件
1058,002591.SZ,002591,恒大高新,江西,环境保护
1059,002592.SZ,002592,ST八菱,广西,汽车配件
1060,002593.SZ,002593,日上集团,福建,钢加工
1061,002594.SZ,002594,比亚迪,深圳,汽车整车
1062,002595.SZ,002595,豪迈科技,山东,专用机械
1063,002596.SZ,002596,海南瑞泽,海南,其他建材
1064,002597.SZ,002597,金禾实业,安徽,食品
1065,002598.SZ,002598,山东章鼓,山东,机械基件
1066,002599.SZ,002599,盛通股份,北京,广告包装
1067,002600.SZ,002600,领益智造,广东,元器件
1068,002601.SZ,002601,龙佰集团,河南,化工原料
1069,002602.SZ,002602,世纪华通,浙江,互联网
1070,002603.SZ,002603,以岭药业,河北,中成药
1071,002605.SZ,002605,姚记科技,上海,互联网
1072,002606.SZ,002606,大连电瓷,辽宁,电气设备
1073,002607.SZ,002607,中公教育,安徽,文教休闲
1074,002608.SZ,002608,江苏国信,江苏,火力发电
1075,002609.SZ,002609,捷顺科技,深圳,软件服务
1076,002610.SZ,002610,爱康科技,江苏,电气设备
1077,002611.SZ,002611,东方精工,广东,轻工机械
1078,002612.SZ,002612,朗姿股份,北京,服饰
1079,002613.SZ,002613,北玻股份,河南,专用机械
1080,002614.SZ,002614,奥佳华,福建,家用电器
1081,002615.SZ,002615,哈尔斯,浙江,家居用品
1082,002616.SZ,002616,长青集团,广东,环境保护
1083,002617.SZ,002617,露笑科技,浙江,电气设备
1084,002620.SZ,002620,瑞和股份,深圳,装修装饰
1085,002621.SZ,002621,美吉姆,辽宁,文教休闲
1086,002622.SZ,002622,融钰集团,吉林,电气设备
1087,002623.SZ,002623,亚玛顿,江苏,玻璃
1088,002624.SZ,002624,完美世界,浙江,影视音像
1089,002625.SZ,002625,光启技术,深圳,航空
1090,002626.SZ,002626,金达威,福建,医疗保健
1091,002627.SZ,002627,三峡旅游,湖北,公共交通
1092,002628.SZ,002628,成都路桥,四川,建筑工程
1093,002629.SZ,002629,仁智股份,浙江,石油开采
1094,002630.SZ,002630,华西能源,四川,专用机械
1095,002631.SZ,002631,德尔未来,江苏,家居用品
1096,002632.SZ,002632,道明光学,浙江,化工原料
1097,002633.SZ,002633,申科股份,浙江,机械基件
1098,002634.SZ,002634,棒杰股份,浙江,服饰
1099,002635.SZ,002635,安洁科技,江苏,元器件
1100,002636.SZ,002636,金安国纪,上海,元器件
1101,002637.SZ,002637,赞宇科技,浙江,日用化工
1102,002638.SZ,002638,勤上股份,广东,文教休闲
1103,002639.SZ,002639,雪人股份,福建,专用机械
1104,002640.SZ,002640,*ST跨境,山西,互联网
1105,002641.SZ,002641,公元股份,浙江,塑料
1106,002642.SZ,002642,荣联科技,北京,软件服务
1107,002643.SZ,002643,万润股份,山东,化工原料
1108,002644.SZ,002644,佛慈制药,甘肃,中成药
1109,002645.SZ,002645,华宏科技,江苏,专用机械
1110,002646.SZ,002646,天佑德酒,青海,白酒
1111,002647.SZ,002647,仁东控股,浙江,多元金融
1112,002648.SZ,002648,卫星化学,浙江,化工原料
1113,002649.SZ,002649,博彦科技,北京,软件服务
1114,002650.SZ,002650,加加食品,湖南,食品
1115,002651.SZ,002651,利君股份,四川,专用机械
1116,002652.SZ,002652,扬子新材,江苏,其他建材
1117,002653.SZ,002653,海思科,西藏,化学制药
1118,002654.SZ,002654,万润科技,深圳,互联网
1119,002655.SZ,002655,共达电声,山东,元器件
1120,002656.SZ,002656,ST摩登,广东,服饰
1121,002657.SZ,002657,中科金财,北京,软件服务
1122,002658.SZ,002658,雪迪龙,北京,环境保护
1123,002659.SZ,002659,凯文教育,北京,文教休闲
1124,002660.SZ,002660,茂硕电源,深圳,电气设备
1125,002661.SZ,002661,克明食品,湖南,食品
1126,002662.SZ,002662,京威股份,北京,汽车配件
1127,002663.SZ,002663,普邦股份,广东,建筑工程
1128,002664.SZ,002664,长鹰信质,浙江,汽车配件
1129,002665.SZ,002665,首航高科,甘肃,电气设备
1130,002666.SZ,002666,德联集团,广东,化工原料
1131,002667.SZ,002667,鞍重股份,辽宁,工程机械
1132,002668.SZ,002668,ST奥马,广东,家用电器
1133,002669.SZ,002669,康达新材,上海,化工原料
1134,002670.SZ,002670,国盛金控,广东,证券
1135,002671.SZ,002671,龙泉股份,山东,其他建材
1136,002672.SZ,002672,东江环保,深圳,环境保护
1137,002673.SZ,002673,西部证券,陕西,证券
1138,002674.SZ,002674,兴业科技,福建,纺织
1139,002675.SZ,002675,东诚药业,山东,化学制药
1140,002676.SZ,002676,顺威股份,广东,家用电器
1141,002677.SZ,002677,浙江美大,浙江,家用电器
1142,002678.SZ,002678,珠江钢琴,广东,文教休闲
1143,002679.SZ,002679,福建金森,福建,林业
1144,002681.SZ,002681,奋达科技,深圳,元器件
1145,002682.SZ,002682,龙洲股份,福建,仓储物流
1146,002683.SZ,002683,广东宏大,广东,化工原料
1147,002685.SZ,002685,华东重机,江苏,机床制造
1148,002686.SZ,002686,亿利达,浙江,专用机械
1149,002687.SZ,002687,乔治白,浙江,服饰
1150,002688.SZ,002688,金河生物,内蒙,农业综合
1151,002689.SZ,002689,远大智能,辽宁,运输设备
1152,002690.SZ,002690,美亚光电,安徽,专用机械
1153,002691.SZ,002691,冀凯股份,河北,专用机械
1154,002692.SZ,002692,ST远程,江苏,电气设备
1155,002693.SZ,002693,双成药业,海南,生物制药
1156,002694.SZ,002694,顾地科技,湖北,塑料
1157,002695.SZ,002695,煌上煌,江西,食品
1158,002696.SZ,002696,百洋股份,广西,饲料
1159,002697.SZ,002697,红旗连锁,四川,超市连锁
1160,002698.SZ,002698,博实股份,黑龙江,化工机械
1161,002699.SZ,002699,ST美盛,浙江,影视音像
1162,002700.SZ,002700,ST浩源,新疆,供气供热
1163,002701.SZ,002701,奥瑞金,北京,广告包装
1164,002702.SZ,002702,海欣食品,福建,食品
1165,002703.SZ,002703,浙江世宝,浙江,汽车配件
1166,002705.SZ,002705,新宝股份,广东,家用电器
1167,002706.SZ,002706,良信股份,上海,电气设备
1168,002707.SZ,002707,众信旅游,北京,旅游服务
1169,002708.SZ,002708,光洋股份,江苏,汽车配件
1170,002709.SZ,002709,天赐材料,广东,化工原料
1171,002712.SZ,002712,思美传媒,浙江,广告包装
1172,002713.SZ,002713,东易日盛,北京,装修装饰
1173,002714.SZ,002714,牧原股份,河南,农业综合
1174,002715.SZ,002715,登云股份,广东,汽车配件
1175,002716.SZ,002716,金贵银业,湖南,小金属
1176,002717.SZ,002717,岭南股份,广东,环境保护
1177,002718.SZ,002718,友邦吊顶,浙江,家居用品
1178,002719.SZ,002719,麦趣尔,新疆,乳制品
1179,002721.SZ,002721,金一文化,北京,服饰
1180,002722.SZ,002722,物产金轮,江苏,纺织机械
1181,002723.SZ,002723,金莱特,广东,家用电器
1182,002724.SZ,002724,海洋王,深圳,半导体
1183,002725.SZ,002725,跃岭股份,浙江,汽车配件
1184,002726.SZ,002726,龙大美食,山东,食品
1185,002727.SZ,002727,一心堂,云南,医药商业
1186,002728.SZ,002728,特一药业,广东,中成药
1187,002729.SZ,002729,好利科技,福建,元器件
1188,002730.SZ,002730,电光科技,浙江,专用机械
1189,002731.SZ,002731,萃华珠宝,辽宁,服饰
1190,002732.SZ,002732,燕塘乳业,广东,乳制品
1191,002733.SZ,002733,雄韬股份,深圳,电气设备
1192,002734.SZ,002734,利民股份,江苏,农药化肥
1193,002735.SZ,002735,王子新材,深圳,塑料
1194,002736.SZ,002736,国信证券,深圳,证券
1195,002737.SZ,002737,葵花药业,黑龙江,中成药
1196,002738.SZ,002738,中矿资源,北京,小金属
1197,002739.SZ,002739,万达电影,北京,影视音像
1198,002740.SZ,002740,ST爱迪尔,福建,服饰
1199,002741.SZ,002741,光华科技,广东,化工原料
1200,002742.SZ,002742,三圣股份,重庆,其他建材
1201,002743.SZ,002743,富煌钢构,安徽,钢加工
1202,002745.SZ,002745,木林森,广东,电气设备
1203,002746.SZ,002746,仙坛股份,山东,食品
1204,002747.SZ,002747,埃斯顿,江苏,机械基件
1205,002748.SZ,002748,世龙实业,江西,化工原料
1206,002749.SZ,002749,国光股份,四川,农药化肥
1207,002750.SZ,002750,龙津药业,云南,中成药
1208,002751.SZ,002751,*ST易尚,深圳,家居用品
1209,002752.SZ,002752,昇兴股份,福建,广告包装
1210,002753.SZ,002753,永东股份,山西,化工原料
1211,002755.SZ,002755,奥赛康,北京,化学制药
1212,002756.SZ,002756,永兴材料,浙江,特种钢
1213,002757.SZ,002757,南兴股份,广东,专用机械
1214,002758.SZ,002758,浙农股份,浙江,汽车服务
1215,002759.SZ,002759,天际股份,广东,家用电器
1216,002760.SZ,002760,凤形股份,江西,机械基件
1217,002761.SZ,002761,浙江建投,浙江,建筑工程
1218,002762.SZ,002762,金发拉比,广东,服饰
1219,002763.SZ,002763,汇洁股份,深圳,服饰
1220,002765.SZ,002765,蓝黛科技,重庆,元器件
1221,002766.SZ,002766,索菱股份,深圳,汽车配件
1222,002767.SZ,002767,先锋电子,浙江,电器仪表
1223,002768.SZ,002768,国恩股份,山东,塑料
1224,002769.SZ,002769,普路通,深圳,仓储物流
1225,002771.SZ,002771,真视通,北京,软件服务
1226,002772.SZ,002772,众兴菌业,甘肃,种植业
1227,002773.SZ,002773,康弘药业,四川,化学制药
1228,002774.SZ,002774,快意电梯,广东,运输设备
1229,002775.SZ,002775,文科园林,深圳,建筑工程
1230,002776.SZ,002776,ST柏龙,广东,服饰
1231,002777.SZ,002777,久远银海,四川,软件服务
1232,002778.SZ,002778,中晟高科,江苏,石油加工
1233,002779.SZ,002779,中坚科技,浙江,农用机械
1234,002780.SZ,002780,三夫户外,北京,服饰
1235,002781.SZ,002781,*ST奇信,江西,装修装饰
1236,002782.SZ,002782,可立克,深圳,电气设备
1237,002783.SZ,002783,凯龙股份,湖北,化工原料
1238,002785.SZ,002785,万里石,福建,其他建材
1239,002786.SZ,002786,银宝山新,深圳,专用机械
1240,002787.SZ,002787,华源控股,江苏,广告包装
1241,002788.SZ,002788,鹭燕医药,福建,医药商业
1242,002789.SZ,002789,建艺集团,深圳,装修装饰
1243,002790.SZ,002790,瑞尔特,福建,家居用品
1244,002791.SZ,002791,坚朗五金,广东,其他建材
1245,002792.SZ,002792,通宇通讯,广东,通信设备
1246,002793.SZ,002793,罗欣药业,浙江,化学制药
1247,002795.SZ,002795,永和智控,浙江,机械基件
1248,002796.SZ,002796,世嘉科技,江苏,通信设备
1249,002797.SZ,002797,第一创业,深圳,证券
1250,002798.SZ,002798,帝欧家居,四川,家居用品
1251,002799.SZ,002799,环球印务,陕西,广告包装
1252,002800.SZ,002800,天顺股份,新疆,仓储物流
1253,002801.SZ,002801,微光股份,浙江,电气设备
1254,002802.SZ,002802,洪汇新材,江苏,化工原料
1255,002803.SZ,002803,吉宏股份,福建,互联网
1256,002805.SZ,002805,丰元股份,山东,电气设备
1257,002806.SZ,002806,华锋股份,广东,铝
1258,002807.SZ,002807,江阴银行,江苏,银行
1259,002808.SZ,002808,恒久科技,江苏,元器件
1260,002809.SZ,002809,红墙股份,广东,化工原料
1261,002810.SZ,002810,山东赫达,山东,化工原料
1262,002811.SZ,002811,郑中设计,深圳,装修装饰
1263,002812.SZ,002812,恩捷股份,云南,电气设备
1264,002813.SZ,002813,路畅科技,深圳,汽车配件
1265,002815.SZ,002815,崇达技术,深圳,元器件
1266,002816.SZ,002816,和科达,深圳,专用机械
1267,002817.SZ,002817,黄山胶囊,安徽,化学制药
1268,002818.SZ,002818,富森美,四川,其他商业
1269,002819.SZ,002819,东方中科,北京,电器仪表
1270,002820.SZ,002820,桂发祥,天津,食品
1271,002821.SZ,002821,凯莱英,天津,生物制药
1272,002822.SZ,002822,中装建设,深圳,装修装饰
1273,002823.SZ,002823,凯中精密,深圳,机械基件
1274,002824.SZ,002824,和胜股份,广东,铝
1275,002825.SZ,002825,纳尔股份,上海,化工原料
1276,002826.SZ,002826,易明医药,西藏,化学制药
1277,002827.SZ,002827,高争民爆,西藏,化工原料
1278,002828.SZ,002828,贝肯能源,新疆,石油开采
1279,002829.SZ,002829,星网宇达,北京,航空
1280,002830.SZ,002830,名雕股份,深圳,装修装饰
1281,002831.SZ,002831,裕同科技,深圳,广告包装
1282,002832.SZ,002832,比音勒芬,广东,服饰
1283,002833.SZ,002833,弘亚数控,广东,专用机械
1284,002835.SZ,002835,同为股份,深圳,IT设备
1285,002836.SZ,002836,新宏泽,广东,广告包装
1286,002837.SZ,002837,英维克,深圳,专用机械
1287,002838.SZ,002838,道恩股份,山东,塑料
1288,002839.SZ,002839,张家港行,江苏,银行
1289,002840.SZ,002840,华统股份,浙江,食品
1290,002841.SZ,002841,视源股份,广东,元器件
1291,002842.SZ,002842,翔鹭钨业,广东,小金属
1292,002843.SZ,002843,泰嘉股份,湖南,钢加工
1293,002845.SZ,002845,同兴达,深圳,元器件
1294,002846.SZ,002846,英联股份,广东,广告包装
1295,002847.SZ,002847,盐津铺子,湖南,食品
1296,002848.SZ,002848,高斯贝尔,湖南,家用电器
1297,002849.SZ,002849,威星智能,浙江,电器仪表
1298,002850.SZ,002850,科达利,深圳,电气设备
1299,002851.SZ,002851,麦格米特,深圳,电气设备
1300,002852.SZ,002852,道道全,湖南,食品
1301,002853.SZ,002853,皮阿诺,广东,家居用品
1302,002855.SZ,002855,捷荣技术,广东,元器件
1303,002856.SZ,002856,美芝股份,深圳,装修装饰
1304,002857.SZ,002857,三晖电气,河南,电器仪表
1305,002858.SZ,002858,力盛体育,上海,文教休闲
1306,002859.SZ,002859,洁美科技,浙江,元器件
1307,002860.SZ,002860,星帅尔,浙江,家用电器
1308,002861.SZ,002861,瀛通通讯,湖北,通信设备
1309,002862.SZ,002862,实丰文化,广东,文教休闲
1310,002863.SZ,002863,今飞凯达,浙江,汽车配件
1311,002864.SZ,002864,盘龙药业,陕西,中成药
1312,002865.SZ,002865,钧达股份,海南,电气设备
1313,002866.SZ,002866,传艺科技,江苏,IT设备
1314,002867.SZ,002867,周大生,深圳,服饰
1315,002868.SZ,002868,绿康生化,福建,农业综合
1316,002869.SZ,002869,金溢科技,深圳,通信设备
1317,002870.SZ,002870,香山股份,广东,汽车配件
1318,002871.SZ,002871,伟隆股份,山东,机械基件
1319,002872.SZ,002872,ST天圣,重庆,化学制药
1320,002873.SZ,002873,新天药业,贵州,中成药
1321,002875.SZ,002875,安奈儿,深圳,服饰
1322,002876.SZ,002876,三利谱,深圳,元器件
1323,002877.SZ,002877,智能自控,江苏,电器仪表
1324,002878.SZ,002878,元隆雅图,北京,文教休闲
1325,002879.SZ,002879,长缆科技,湖南,电气设备
1326,002880.SZ,002880,卫光生物,深圳,生物制药
1327,002881.SZ,002881,美格智能,深圳,通信设备
1328,002882.SZ,002882,金龙羽,深圳,电气设备
1329,002883.SZ,002883,中设股份,江苏,建筑工程
1330,002884.SZ,002884,凌霄泵业,广东,专用机械
1331,002885.SZ,002885,京泉华,深圳,元器件
1332,002886.SZ,002886,沃特股份,深圳,塑料
1333,002887.SZ,002887,绿茵生态,天津,环境保护
1334,002888.SZ,002888,惠威科技,广东,元器件
1335,002889.SZ,002889,东方嘉盛,深圳,仓储物流
1336,002890.SZ,002890,弘宇股份,山东,农用机械
1337,002891.SZ,002891,中宠股份,山东,饲料
1338,002892.SZ,002892,科力尔,湖南,电气设备
1339,002893.SZ,002893,华通热力,北京,供气供热
1340,002895.SZ,002895,川恒股份,贵州,化工原料
1341,002896.SZ,002896,中大力德,浙江,机械基件
1342,002897.SZ,002897,意华股份,浙江,元器件
1343,002898.SZ,002898,赛隆药业,广东,化学制药
1344,002899.SZ,002899,英派斯,山东,文教休闲
1345,002900.SZ,002900,哈三联,黑龙江,化学制药
1346,002901.SZ,002901,大博医疗,福建,医疗保健
1347,002902.SZ,002902,铭普光磁,广东,元器件
1348,002903.SZ,002903,宇环数控,湖南,机床制造
1349,002905.SZ,002905,金逸影视,广东,影视音像
1350,002906.SZ,002906,华阳集团,广东,汽车配件
1351,002907.SZ,002907,华森制药,重庆,中成药
1352,002908.SZ,002908,德生科技,广东,元器件
1353,002909.SZ,002909,集泰股份,广东,化工原料
1354,002910.SZ,002910,庄园牧场,甘肃,乳制品
1355,002911.SZ,002911,佛燃能源,广东,供气供热
1356,002912.SZ,002912,中新赛克,深圳,软件服务
1357,002913.SZ,002913,奥士康,湖南,元器件
1358,002915.SZ,002915,中欣氟材,浙江,化工原料
1359,002916.SZ,002916,深南电路,深圳,元器件
1360,002917.SZ,002917,金奥博,深圳,化工原料
1361,002918.SZ,002918,蒙娜丽莎,广东,其他建材
1362,002919.SZ,002919,名臣健康,广东,日用化工
1363,002920.SZ,002920,德赛西威,广东,汽车配件
1364,002921.SZ,002921,联诚精密,山东,汽车配件
1365,002922.SZ,002922,伊戈尔,广东,电气设备
1366,002923.SZ,002923,润都股份,广东,化学制药
1367,002925.SZ,002925,盈趣科技,福建,元器件
1368,002926.SZ,002926,华西证券,四川,证券
1369,002927.SZ,002927,泰永长征,贵州,电气设备
1370,002928.SZ,002928,华夏航空,贵州,空运
1371,002929.SZ,002929,润建股份,广西,通信设备
1372,002930.SZ,002930,宏川智慧,广东,仓储物流
1373,002931.SZ,002931,锋龙股份,浙江,汽车配件
1374,002932.SZ,002932,明德生物,湖北,医疗保健
1375,002933.SZ,002933,新兴装备,北京,航空
1376,002935.SZ,002935,天奥电子,四川,航空
1377,002936.SZ,002936,郑州银行,河南,银行
1378,002937.SZ,002937,兴瑞科技,浙江,元器件
1379,002938.SZ,002938,鹏鼎控股,深圳,元器件
1380,002939.SZ,002939,长城证券,深圳,证券
1381,002940.SZ,002940,昂利康,浙江,化学制药
1382,002941.SZ,002941,新疆交建,新疆,建筑工程
1383,002942.SZ,002942,新农股份,浙江,农药化肥
1384,002943.SZ,002943,宇晶股份,湖南,机床制造
1385,002945.SZ,002945,华林证券,西藏,证券
1386,002946.SZ,002946,新乳业,四川,乳制品
1387,002947.SZ,002947,恒铭达,江苏,元器件
1388,002948.SZ,002948,青岛银行,山东,银行
1389,002949.SZ,002949,华阳国际,深圳,建筑工程
1390,002950.SZ,002950,奥美医疗,湖北,医疗保健
1391,002951.SZ,002951,金时科技,四川,广告包装
1392,002952.SZ,002952,亚世光电,辽宁,元器件
1393,002953.SZ,002953,日丰股份,广东,电气设备
1394,002955.SZ,002955,鸿合科技,北京,IT设备
1395,002956.SZ,002956,西麦食品,广西,食品
1396,002957.SZ,002957,科瑞技术,深圳,专用机械
1397,002958.SZ,002958,青农商行,山东,银行
1398,002959.SZ,002959,小熊电器,广东,家用电器
1399,002960.SZ,002960,青鸟消防,河北,专用机械
1400,002961.SZ,002961,瑞达期货,福建,多元金融
1401,002962.SZ,002962,五方光电,湖北,元器件
1402,002963.SZ,002963,豪尔赛,北京,装修装饰
1403,002965.SZ,002965,祥鑫科技,广东,汽车配件
1404,002966.SZ,002966,苏州银行,江苏,银行
1405,002967.SZ,002967,广电计量,广东,综合类
1406,002968.SZ,002968,新大正,重庆,房产服务
1407,002969.SZ,002969,嘉美包装,安徽,广告包装
1408,002970.SZ,002970,锐明技术,深圳,通信设备
1409,002971.SZ,002971,和远气体,湖北,化工原料
1410,002972.SZ,002972,科安达,深圳,运输设备
1411,002973.SZ,002973,侨银股份,广东,环境保护
1412,002975.SZ,002975,博杰股份,广东,专用机械
1413,002976.SZ,002976,瑞玛精密,江苏,元器件
1414,002977.SZ,002977,天箭科技,四川,通信设备
1415,002978.SZ,002978,安宁股份,四川,小金属
1416,002979.SZ,002979,雷赛智能,深圳,专用机械
1417,002980.SZ,002980,华盛昌,深圳,电器仪表
1418,002981.SZ,002981,朝阳科技,广东,元器件
1419,002982.SZ,002982,湘佳股份,湖南,农业综合
1420,002983.SZ,002983,芯瑞达,安徽,元器件
1421,002984.SZ,002984,森麒麟,山东,汽车配件
1422,002985.SZ,002985,北摩高科,北京,航空
1423,002986.SZ,002986,宇新股份,湖南,化工原料
1424,002987.SZ,002987,京北方,北京,软件服务
1425,002988.SZ,002988,豪美新材,广东,铝
1426,002989.SZ,002989,中天精装,深圳,装修装饰
1427,002990.SZ,002990,盛视科技,深圳,软件服务
1428,002991.SZ,002991,甘源食品,江西,食品
1429,002992.SZ,002992,宝明科技,深圳,元器件
1430,002993.SZ,002993,奥海科技,广东,元器件
1431,002995.SZ,002995,天地在线,北京,互联网
1432,002996.SZ,002996,顺博合金,重庆,铝
1433,002997.SZ,002997,瑞鹄模具,安徽,专用机械
1434,002998.SZ,002998,优彩资源,江苏,化纤
1435,002999.SZ,002999,天禾股份,广东,批发业
1436,003000.SZ,003000,劲仔食品,湖南,食品
1437,003001.SZ,003001,中岩大地,北京,建筑工程
1438,003002.SZ,003002,壶化股份,山西,化工原料
1439,003003.SZ,003003,天元股份,广东,广告包装
1440,003004.SZ,003004,声迅股份,北京,软件服务
1441,003005.SZ,003005,竞业达,北京,软件服务
1442,003006.SZ,003006,百亚股份,重庆,造纸
1443,003007.SZ,003007,直真科技,北京,软件服务
1444,003008.SZ,003008,开普检测,河南,电气设备
1445,003009.SZ,003009,中天火箭,陕西,航空
1446,003010.SZ,003010,若羽臣,广东,互联网
1447,003011.SZ,003011,海象新材,浙江,家居用品
1448,003012.SZ,003012,东鹏控股,广东,陶瓷
1449,003013.SZ,003013,地铁设计,广东,建筑工程
1450,003015.SZ,003015,日久光电,江苏,元器件
1451,003016.SZ,003016,欣贺股份,福建,服饰
1452,003017.SZ,003017,大洋生物,浙江,化工原料
1453,003018.SZ,003018,金富科技,广东,塑料
1454,003019.SZ,003019,宸展光电,福建,元器件
1455,003020.SZ,003020,立方制药,安徽,化学制药
1456,003021.SZ,003021,兆威机电,深圳,元器件
1457,003022.SZ,003022,联泓新科,山东,化工原料
1458,003023.SZ,003023,彩虹集团,四川,家用电器
1459,003025.SZ,003025,思进智能,浙江,机械基件
1460,003026.SZ,003026,中晶科技,浙江,半导体
1461,003027.SZ,003027,同兴环保,安徽,环境保护
1462,003028.SZ,003028,振邦智能,深圳,元器件
1463,003029.SZ,003029,吉大正元,吉林,软件服务
1464,003030.SZ,003030,祖名股份,浙江,食品
1465,003031.SZ,003031,中瓷电子,河北,元器件
1466,003032.SZ,003032,传智教育,江苏,文教休闲
1467,003033.SZ,003033,征和工业,山东,机械基件
1468,003035.SZ,003035,南网能源,广东,新型电力
1469,003036.SZ,003036,泰坦股份,浙江,纺织机械
1470,003037.SZ,003037,三和管桩,广东,水泥
1471,003038.SZ,003038,鑫铂股份,安徽,铝
1472,003039.SZ,003039,顺控发展,广东,水务
1473,003040.SZ,003040,楚天龙,广东,元器件
1474,003041.SZ,003041,真爱美家,浙江,纺织
1475,003042.SZ,003042,中农联合,山东,农药化肥
1476,003043.SZ,003043,华亚智能,江苏,专用机械
1477,003816.SZ,003816,中国广核,深圳,新型电力
1478,300001.SZ,300001,特锐德,山东,电气设备
1479,300002.SZ,300002,神州泰岳,北京,软件服务
1480,300003.SZ,300003,乐普医疗,北京,医疗保健
1481,300004.SZ,300004,南风股份,广东,电气设备
1482,300005.SZ,300005,探路者,北京,服饰
1483,300006.SZ,300006,莱美药业,重庆,化学制药
1484,300007.SZ,300007,汉威科技,河南,电器仪表
1485,300008.SZ,300008,天海防务,上海,船舶
1486,300009.SZ,300009,安科生物,安徽,生物制药
1487,300010.SZ,300010,豆神教育,北京,软件服务
1488,300011.SZ,300011,鼎汉技术,北京,运输设备
1489,300012.SZ,300012,华测检测,深圳,电器仪表
1490,300013.SZ,300013,新宁物流,江苏,仓储物流
1491,300014.SZ,300014,亿纬锂能,广东,电气设备
1492,300015.SZ,300015,爱尔眼科,湖南,医疗保健
1493,300016.SZ,300016,北陆药业,北京,化学制药
1494,300017.SZ,300017,网宿科技,上海,电信运营
1495,300018.SZ,300018,中元股份,湖北,电气设备
1496,300019.SZ,300019,硅宝科技,四川,化工原料
1497,300020.SZ,300020,银江技术,浙江,软件服务
1498,300021.SZ,300021,大禹节水,甘肃,农业综合
1499,300022.SZ,300022,吉峰科技,四川,农用机械
1500,300024.SZ,300024,机器人,辽宁,专用机械
1501,300025.SZ,300025,华星创业,浙江,通信设备
1502,300026.SZ,300026,红日药业,天津,中成药
1503,300027.SZ,300027,华谊兄弟,浙江,影视音像
1504,300029.SZ,300029,ST天龙,江苏,电气设备
1505,300030.SZ,300030,阳普医疗,广东,医疗保健
1506,300031.SZ,300031,宝通科技,江苏,互联网
1507,300032.SZ,300032,金龙机电,浙江,元器件
1508,300033.SZ,300033,同花顺,浙江,软件服务
1509,300034.SZ,300034,钢研高纳,北京,航空
1510,300035.SZ,300035,中科电气,湖南,电气设备
1511,300036.SZ,300036,超图软件,北京,软件服务
1512,300037.SZ,300037,新宙邦,深圳,化工原料
1513,300039.SZ,300039,上海凯宝,上海,中成药
1514,300040.SZ,300040,九洲集团,黑龙江,电气设备
1515,300041.SZ,300041,回天新材,湖北,化工原料
1516,300042.SZ,300042,朗科科技,深圳,IT设备
1517,300043.SZ,300043,星辉娱乐,广东,文教休闲
1518,300044.SZ,300044,赛为智能,深圳,软件服务
1519,300045.SZ,300045,华力创通,北京,IT设备
1520,300046.SZ,300046,台基股份,湖北,半导体
1521,300047.SZ,300047,天源迪科,深圳,软件服务
1522,300048.SZ,300048,合康新能,北京,电气设备
1523,300049.SZ,300049,福瑞股份,内蒙,医疗保健
1524,300050.SZ,300050,世纪鼎利,广东,通信设备
1525,300051.SZ,300051,三五互联,福建,互联网
1526,300052.SZ,300052,中青宝,深圳,互联网
1527,300053.SZ,300053,欧比特,广东,半导体
1528,300054.SZ,300054,鼎龙股份,湖北,化工原料
1529,300055.SZ,300055,万邦达,北京,环境保护
1530,300056.SZ,300056,中创环保,福建,环境保护
1531,300057.SZ,300057,万顺新材,广东,铝
1532,300058.SZ,300058,蓝色光标,北京,广告包装
1533,300059.SZ,300059,东方财富,上海,证券
1534,300061.SZ,300061,旗天科技,上海,互联网
1535,300062.SZ,300062,中能电气,福建,电气设备
1536,300063.SZ,300063,天龙集团,广东,互联网
1537,300065.SZ,300065,海兰信,北京,船舶
1538,300066.SZ,300066,三川智慧,江西,电器仪表
1539,300067.SZ,300067,安诺其,上海,染料涂料
1540,300068.SZ,300068,南都电源,浙江,电气设备
1541,300069.SZ,300069,金利华电,山西,电气设备
1542,300070.SZ,300070,碧水源,北京,环境保护
1543,300071.SZ,300071,福石控股,北京,广告包装
1544,300072.SZ,300072,三聚环保,北京,环境保护
1545,300073.SZ,300073,当升科技,北京,电气设备
1546,300074.SZ,300074,华平股份,上海,软件服务
1547,300075.SZ,300075,数字政通,北京,软件服务
1548,300076.SZ,300076,GQY视讯,浙江,IT设备
1549,300077.SZ,300077,国民技术,深圳,半导体
1550,300078.SZ,300078,思创医惠,浙江,软件服务
1551,300079.SZ,300079,数码视讯,北京,通信设备
1552,300080.SZ,300080,易成新能,河南,电气设备
1553,300081.SZ,300081,恒信东方,北京,文教休闲
1554,300082.SZ,300082,奥克股份,辽宁,化工原料
1555,300083.SZ,300083,创世纪,广东,机械基件
1556,300084.SZ,300084,海默科技,甘肃,专用机械
1557,300085.SZ,300085,银之杰,深圳,软件服务
1558,300086.SZ,300086,康芝药业,海南,化学制药
1559,300087.SZ,300087,荃银高科,安徽,种植业
1560,300088.SZ,300088,长信科技,安徽,元器件
1561,300089.SZ,300089,*ST文化,广东,文教休闲
1562,300091.SZ,300091,金通灵,江苏,机械基件
1563,300092.SZ,300092,科新机电,四川,专用机械
1564,300093.SZ,300093,金刚玻璃,甘肃,玻璃
1565,300094.SZ,300094,国联水产,广东,渔业
1566,300095.SZ,300095,华伍股份,江西,机械基件
1567,300096.SZ,300096,易联众,福建,软件服务
1568,300097.SZ,300097,智云股份,辽宁,专用机械
1569,300098.SZ,300098,高新兴,广东,通信设备
1570,300099.SZ,300099,精准信息,山东,电器仪表
1571,300100.SZ,300100,双林股份,浙江,汽车服务
1572,300101.SZ,300101,振芯科技,四川,通信设备
1573,300102.SZ,300102,乾照光电,福建,半导体
1574,300103.SZ,300103,达刚控股,陕西,环境保护
1575,300105.SZ,300105,龙源技术,山东,电器仪表
1576,300106.SZ,300106,西部牧业,新疆,农业综合
1577,300107.SZ,300107,建新股份,河北,化工原料
1578,300108.SZ,300108,*ST吉药,吉林,中成药
1579,300109.SZ,300109,新开源,河南,化工原料
1580,300110.SZ,300110,华仁药业,山东,化学制药
1581,300111.SZ,300111,向日葵,浙江,化学制药
1582,300112.SZ,300112,万讯自控,深圳,电器仪表
1583,300113.SZ,300113,顺网科技,浙江,互联网
1584,300114.SZ,300114,中航电测,陕西,电器仪表
1585,300115.SZ,300115,长盈精密,深圳,元器件
1586,300116.SZ,300116,保力新,陕西,电气设备
1587,300117.SZ,300117,嘉寓股份,北京,装修装饰
1588,300118.SZ,300118,东方日升,浙江,电气设备
1589,300119.SZ,300119,瑞普生物,天津,农业综合
1590,300120.SZ,300120,经纬辉开,天津,元器件
1591,300121.SZ,300121,阳谷华泰,山东,化工原料
1592,300122.SZ,300122,智飞生物,重庆,生物制药
1593,300123.SZ,300123,亚光科技,湖南,半导体
1594,300124.SZ,300124,汇川技术,深圳,电器仪表
1595,300125.SZ,300125,聆达股份,辽宁,电气设备
1596,300126.SZ,300126,锐奇股份,上海,轻工机械
1597,300127.SZ,300127,银河磁体,四川,元器件
1598,300128.SZ,300128,锦富技术,江苏,元器件
1599,300129.SZ,300129,泰胜风能,上海,电气设备
1600,300130.SZ,300130,新国都,深圳,IT设备
1601,300131.SZ,300131,英唐智控,深圳,商贸代理
1602,300132.SZ,300132,青松股份,福建,化工原料
1603,300133.SZ,300133,华策影视,浙江,影视音像
1604,300134.SZ,300134,大富科技,安徽,通信设备
1605,300135.SZ,300135,宝利国际,江苏,化工原料
1606,300136.SZ,300136,信维通信,深圳,通信设备
1607,300137.SZ,300137,先河环保,河北,环境保护
1608,300138.SZ,300138,晨光生物,河北,食品
1609,300139.SZ,300139,晓程科技,北京,元器件
1610,300140.SZ,300140,中环装备,陕西,环境保护
1611,300141.SZ,300141,和顺电气,江苏,电气设备
1612,300142.SZ,300142,沃森生物,云南,生物制药
1613,300143.SZ,300143,盈康生命,山东,医疗保健
1614,300144.SZ,300144,宋城演艺,浙江,旅游景点
1615,300145.SZ,300145,中金环境,浙江,专用机械
1616,300146.SZ,300146,汤臣倍健,广东,医疗保健
1617,300147.SZ,300147,香雪制药,广东,中成药
1618,300148.SZ,300148,天舟文化,湖南,互联网
1619,300149.SZ,300149,睿智医药,广东,生物制药
1620,300150.SZ,300150,世纪瑞尔,北京,软件服务
1621,300151.SZ,300151,昌红科技,深圳,专用机械
1622,300152.SZ,300152,科融环境,河北,环境保护
1623,300153.SZ,300153,科泰电源,上海,电气设备
1624,300154.SZ,300154,瑞凌股份,深圳,机械基件
1625,300155.SZ,300155,安居宝,广东,IT设备
1626,300157.SZ,300157,恒泰艾普,北京,石油开采
1627,300158.SZ,300158,振东制药,山西,化学制药
1628,300159.SZ,300159,ST新研,新疆,航空
1629,300160.SZ,300160,秀强股份,江苏,玻璃
1630,300161.SZ,300161,华中数控,湖北,机床制造
1631,300162.SZ,300162,雷曼光电,深圳,元器件
1632,300163.SZ,300163,先锋新材,浙江,其他建材
1633,300164.SZ,300164,通源石油,陕西,石油开采
1634,300165.SZ,300165,天瑞仪器,江苏,电器仪表
1635,300166.SZ,300166,东方国信,北京,软件服务
1636,300167.SZ,300167,迪威迅,深圳,软件服务
1637,300168.SZ,300168,万达信息,上海,软件服务
1638,300169.SZ,300169,天晟新材,江苏,塑料
1639,300170.SZ,300170,汉得信息,上海,软件服务
1640,300171.SZ,300171,东富龙,上海,医疗保健
1641,300172.SZ,300172,中电环保,江苏,环境保护
1642,300173.SZ,300173,福能东方,广东,轻工机械
1643,300174.SZ,300174,元力股份,福建,化工原料
1644,300175.SZ,300175,朗源股份,山东,食品
1645,300176.SZ,300176,派生科技,广东,汽车配件
1646,300177.SZ,300177,中海达,广东,通信设备
1647,300179.SZ,300179,四方达,河南,矿物制品
1648,300180.SZ,300180,华峰超纤,上海,化纤
1649,300181.SZ,300181,佐力药业,浙江,中成药
1650,300182.SZ,300182,捷成股份,北京,影视音像
1651,300183.SZ,300183,东软载波,山东,通信设备
1652,300184.SZ,300184,力源信息,湖北,商贸代理
1653,300185.SZ,300185,通裕重工,山东,工程机械
1654,300187.SZ,300187,永清环保,湖南,环境保护
1655,300188.SZ,300188,美亚柏科,福建,软件服务
1656,300189.SZ,300189,神农科技,海南,种植业
1657,300190.SZ,300190,维尔利,江苏,环境保护
1658,300191.SZ,300191,潜能恒信,北京,石油开采
1659,300192.SZ,300192,科德教育,江苏,文教休闲
1660,300193.SZ,300193,佳士科技,深圳,专用机械
1661,300194.SZ,300194,福安药业,重庆,化学制药
1662,300195.SZ,300195,长荣股份,天津,轻工机械
1663,300196.SZ,300196,长海股份,江苏,玻璃
1664,300197.SZ,300197,节能铁汉,深圳,环境保护
1665,300198.SZ,300198,纳川股份,福建,塑料
1666,300199.SZ,300199,翰宇药业,深圳,化学制药
1667,300200.SZ,300200,高盟新材,北京,化工原料
1668,300201.SZ,300201,*ST海伦,江苏,专用机械
1669,300203.SZ,300203,聚光科技,浙江,环境保护
1670,300204.SZ,300204,舒泰神,北京,生物制药
1671,300205.SZ,300205,天喻信息,湖北,通信设备
1672,300206.SZ,300206,理邦仪器,深圳,医疗保健
1673,300207.SZ,300207,欣旺达,深圳,元器件
1674,300208.SZ,300208,青岛中程,山东,电气设备
1675,300209.SZ,300209,天泽信息,湖南,互联网
1676,300210.SZ,300210,森远股份,辽宁,专用机械
1677,300211.SZ,300211,亿通科技,江苏,通信设备
1678,300212.SZ,300212,易华录,北京,软件服务
1679,300213.SZ,300213,佳讯飞鸿,北京,通信设备
1680,300214.SZ,300214,日科化学,山东,化工原料
1681,300215.SZ,300215,电科院,江苏,电气设备
1682,300217.SZ,300217,东方电热,江苏,家用电器
1683,300218.SZ,300218,安利股份,安徽,塑料
1684,300219.SZ,300219,鸿利智汇,广东,元器件
1685,300220.SZ,300220,金运激光,湖北,专用机械
1686,300221.SZ,300221,银禧科技,广东,塑料
1687,300222.SZ,300222,科大智能,上海,电气设备
1688,300223.SZ,300223,北京君正,北京,半导体
1689,300224.SZ,300224,正海磁材,山东,元器件
1690,300225.SZ,300225,金力泰,上海,染料涂料
1691,300226.SZ,300226,上海钢联,上海,互联网
1692,300227.SZ,300227,光韵达,深圳,专用机械
1693,300228.SZ,300228,富瑞特装,江苏,化工机械
1694,300229.SZ,300229,拓尔思,北京,软件服务
1695,300230.SZ,300230,永利股份,上海,塑料
1696,300231.SZ,300231,银信科技,北京,软件服务
1697,300232.SZ,300232,洲明科技,深圳,半导体
1698,300233.SZ,300233,金城医药,山东,化学制药
1699,300234.SZ,300234,开尔新材,浙江,陶瓷
1700,300235.SZ,300235,方直科技,深圳,软件服务
1701,300236.SZ,300236,上海新阳,上海,半导体
1702,300237.SZ,300237,美晨生态,山东,汽车配件
1703,300238.SZ,300238,冠昊生物,广东,医疗保健
1704,300239.SZ,300239,东宝生物,内蒙,生物制药
1705,300240.SZ,300240,飞力达,江苏,仓储物流
1706,300241.SZ,300241,瑞丰光电,深圳,半导体
1707,300242.SZ,300242,佳云科技,广东,互联网
1708,300243.SZ,300243,瑞丰高材,山东,化工原料
1709,300244.SZ,300244,迪安诊断,浙江,医疗保健
1710,300245.SZ,300245,天玑科技,上海,软件服务
1711,300246.SZ,300246,宝莱特,广东,医疗保健
1712,300247.SZ,300247,融捷健康,安徽,医疗保健
1713,300248.SZ,300248,新开普,河南,软件服务
1714,300249.SZ,300249,依米康,四川,软件服务
1715,300250.SZ,300250,初灵信息,浙江,软件服务
1716,300251.SZ,300251,光线传媒,北京,影视音像
1717,300252.SZ,300252,金信诺,深圳,通信设备
1718,300253.SZ,300253,卫宁健康,上海,软件服务
1719,300254.SZ,300254,仟源医药,山西,化学制药
1720,300255.SZ,300255,常山药业,河北,生物制药
1721,300256.SZ,300256,*ST星星,江西,元器件
1722,300257.SZ,300257,开山股份,浙江,机械基件
1723,300258.SZ,300258,精锻科技,江苏,汽车配件
1724,300259.SZ,300259,新天科技,河南,电器仪表
1725,300260.SZ,300260,新莱应材,江苏,机械基件
1726,300261.SZ,300261,雅本化学,江苏,农药化肥
1727,300262.SZ,300262,巴安水务,上海,水务
1728,300263.SZ,300263,隆华科技,河南,专用机械
1729,300264.SZ,300264,佳创视讯,深圳,通信设备
1730,300265.SZ,300265,通光线缆,江苏,电气设备
1731,300266.SZ,300266,兴源环境,浙江,环境保护
1732,300267.SZ,300267,尔康制药,湖南,化学制药
1733,300268.SZ,300268,佳沃食品,湖南,农业综合
1734,300269.SZ,300269,ST联建,深圳,半导体
1735,300270.SZ,300270,中威电子,浙江,通信设备
1736,300271.SZ,300271,华宇软件,北京,软件服务
1737,300272.SZ,300272,开能健康,上海,家用电器
1738,300273.SZ,300273,*ST和佳,广东,医疗保健
1739,300274.SZ,300274,阳光电源,安徽,电气设备
1740,300275.SZ,300275,梅安森,重庆,工程机械
1741,300276.SZ,300276,三丰智能,湖北,专用机械
1742,300277.SZ,300277,海联讯,深圳,软件服务
1743,300278.SZ,300278,华昌达,湖北,专用机械
1744,300279.SZ,300279,和晶科技,江苏,元器件
1745,300280.SZ,300280,紫天科技,福建,广告包装
1746,300281.SZ,300281,金明精机,广东,专用机械
1747,300282.SZ,300282,ST三盛,北京,文教休闲
1748,300283.SZ,300283,温州宏丰,浙江,电气设备
1749,300284.SZ,300284,苏交科,江苏,建筑工程
1750,300285.SZ,300285,国瓷材料,山东,陶瓷
1751,300286.SZ,300286,安科瑞,上海,电器仪表
1752,300287.SZ,300287,飞利信,北京,软件服务
1753,300288.SZ,300288,朗玛信息,贵州,软件服务
1754,300289.SZ,300289,利德曼,北京,医疗保健
1755,300290.SZ,300290,荣科科技,辽宁,软件服务
1756,300291.SZ,300291,百纳千成,北京,影视音像
1757,300292.SZ,300292,吴通控股,江苏,软件服务
1758,300293.SZ,300293,蓝英装备,辽宁,专用机械
1759,300294.SZ,300294,博雅生物,江西,生物制药
1760,300295.SZ,300295,三六五网,江苏,互联网
1761,300296.SZ,300296,利亚德,北京,半导体
1762,300297.SZ,300297,*ST蓝盾,四川,软件服务
1763,300298.SZ,300298,三诺生物,湖南,医疗保健
1764,300299.SZ,300299,富春股份,福建,互联网
1765,300300.SZ,300300,海峡创新,福建,软件服务
1766,300301.SZ,300301,*ST长方,深圳,半导体
1767,300302.SZ,300302,同有科技,北京,软件服务
1768,300303.SZ,300303,聚飞光电,深圳,半导体
1769,300304.SZ,300304,云意电气,江苏,汽车配件
1770,300305.SZ,300305,裕兴股份,江苏,塑料
1771,300306.SZ,300306,远方信息,浙江,电器仪表
1772,300307.SZ,300307,慈星股份,浙江,纺织机械
1773,300308.SZ,300308,中际旭创,山东,通信设备
1774,300309.SZ,300309,*ST吉艾,北京,多元金融
1775,300310.SZ,300310,宜通世纪,广东,通信设备
1776,300311.SZ,300311,任子行,深圳,软件服务
1777,300313.SZ,300313,ST天山,新疆,农业综合
1778,300314.SZ,300314,戴维医疗,浙江,医疗保健
1779,300315.SZ,300315,掌趣科技,北京,互联网
1780,300316.SZ,300316,晶盛机电,浙江,专用机械
1781,300317.SZ,300317,珈伟新能,深圳,半导体
1782,300318.SZ,300318,博晖创新,北京,医疗保健
1783,300319.SZ,300319,麦捷科技,深圳,元器件
1784,300320.SZ,300320,海达股份,江苏,橡胶
1785,300321.SZ,300321,同大股份,山东,塑料
1786,300322.SZ,300322,硕贝德,广东,通信设备
1787,300323.SZ,300323,华灿光电,湖北,半导体
1788,300324.SZ,300324,旋极信息,北京,软件服务
1789,300326.SZ,300326,凯利泰,上海,医疗保健
1790,300327.SZ,300327,中颖电子,上海,半导体
1791,300328.SZ,300328,宜安科技,广东,小金属
1792,300329.SZ,300329,海伦钢琴,浙江,文教休闲
1793,300330.SZ,300330,华虹计通,上海,软件服务
1794,300331.SZ,300331,苏大维格,江苏,元器件
1795,300332.SZ,300332,天壕环境,北京,供气供热
1796,300333.SZ,300333,兆日科技,深圳,软件服务
1797,300334.SZ,300334,津膜科技,天津,水务
1798,300335.SZ,300335,迪森股份,广东,供气供热
1799,300336.SZ,300336,*ST新文,上海,影视音像
1800,300337.SZ,300337,银邦股份,江苏,铝
1801,300338.SZ,300338,ST开元,湖南,文教休闲
1802,300339.SZ,300339,润和软件,江苏,软件服务
1803,300340.SZ,300340,科恒股份,广东,电气设备
1804,300341.SZ,300341,麦克奥迪,福建,电气设备
1805,300342.SZ,300342,天银机电,江苏,家用电器
1806,300343.SZ,300343,联创股份,山东,化工原料
1807,300344.SZ,300344,立方数科,北京,软件服务
1808,300345.SZ,300345,华民股份,湖南,机械基件
1809,300346.SZ,300346,南大光电,江苏,元器件
1810,300347.SZ,300347,泰格医药,浙江,医疗保健
1811,300348.SZ,300348,长亮科技,深圳,软件服务
1812,300349.SZ,300349,金卡智能,浙江,电器仪表
1813,300350.SZ,300350,华鹏飞,深圳,仓储物流
1814,300351.SZ,300351,永贵电器,浙江,运输设备
1815,300352.SZ,300352,北信源,北京,软件服务
1816,300353.SZ,300353,东土科技,北京,通信设备
1817,300354.SZ,300354,东华测试,江苏,电器仪表
1818,300355.SZ,300355,蒙草生态,内蒙,环境保护
1819,300356.SZ,300356,*ST光一,江苏,电气设备
1820,300357.SZ,300357,我武生物,浙江,生物制药
1821,300358.SZ,300358,楚天科技,湖南,医疗保健
1822,300359.SZ,300359,全通教育,广东,文教休闲
1823,300360.SZ,300360,炬华科技,浙江,电器仪表
1824,300363.SZ,300363,博腾股份,重庆,化学制药
1825,300364.SZ,300364,中文在线,北京,出版业
1826,300365.SZ,300365,恒华科技,北京,软件服务
1827,300366.SZ,300366,创意信息,四川,软件服务
1828,300368.SZ,300368,汇金股份,河北,IT设备
1829,300369.SZ,300369,绿盟科技,北京,软件服务
1830,300370.SZ,300370,*ST安控,四川,电器仪表
1831,300371.SZ,300371,汇中股份,河北,电器仪表
1832,300373.SZ,300373,扬杰科技,江苏,半导体
1833,300374.SZ,300374,中铁装配,北京,其他建材
1834,300375.SZ,300375,鹏翎股份,天津,汽车配件
1835,300376.SZ,300376,易事特,广东,电气设备
1836,300377.SZ,300377,赢时胜,深圳,软件服务
1837,300378.SZ,300378,鼎捷软件,上海,软件服务
1838,300379.SZ,300379,东方通,北京,软件服务
1839,300380.SZ,300380,安硕信息,上海,软件服务
1840,300381.SZ,300381,溢多利,广东,化学制药
1841,300382.SZ,300382,斯莱克,江苏,专用机械
1842,300383.SZ,300383,光环新网,北京,电信运营
1843,300384.SZ,300384,三联虹普,北京,建筑工程
1844,300385.SZ,300385,雪浪环境,江苏,环境保护
1845,300386.SZ,300386,飞天诚信,北京,软件服务
1846,300387.SZ,300387,富邦股份,湖北,农药化肥
1847,300388.SZ,300388,节能国祯,安徽,环境保护
1848,300389.SZ,300389,艾比森,深圳,半导体
1849,300390.SZ,300390,天华超净,江苏,电气设备
1850,300391.SZ,300391,康跃科技,山东,中成药
1851,300392.SZ,300392,*ST腾信,北京,互联网
1852,300393.SZ,300393,中来股份,江苏,塑料
1853,300394.SZ,300394,天孚通信,江苏,通信设备
1854,300395.SZ,300395,菲利华,湖北,玻璃
1855,300396.SZ,300396,迪瑞医疗,吉林,医疗保健
1856,300397.SZ,300397,天和防务,陕西,通信设备
1857,300398.SZ,300398,飞凯材料,上海,染料涂料
1858,300399.SZ,300399,天利科技,江西,互联网
1859,300400.SZ,300400,劲拓股份,深圳,专用机械
1860,300401.SZ,300401,花园生物,浙江,食品
1861,300402.SZ,300402,宝色股份,江苏,专用机械
1862,300403.SZ,300403,汉宇集团,广东,家用电器
1863,300404.SZ,300404,博济医药,广东,医疗保健
1864,300405.SZ,300405,科隆股份,辽宁,化工原料
1865,300406.SZ,300406,九强生物,北京,医疗保健
1866,300407.SZ,300407,凯发电气,天津,电气设备
1867,300408.SZ,300408,三环集团,广东,元器件
1868,300409.SZ,300409,道氏技术,广东,陶瓷
1869,300410.SZ,300410,正业科技,广东,电器仪表
1870,300411.SZ,300411,金盾股份,浙江,专用机械
1871,300412.SZ,300412,迦南科技,浙江,医疗保健
1872,300413.SZ,300413,芒果超媒,湖南,影视音像
1873,300414.SZ,300414,中光防雷,四川,通信设备
1874,300415.SZ,300415,伊之密,广东,专用机械
1875,300416.SZ,300416,苏试试验,江苏,电器仪表
1876,300417.SZ,300417,南华仪器,广东,电器仪表
1877,300418.SZ,300418,昆仑万维,北京,互联网
1878,300419.SZ,300419,浩丰科技,北京,软件服务
1879,300420.SZ,300420,五洋停车,江苏,机械基件
1880,300421.SZ,300421,力星股份,江苏,机械基件
1881,300422.SZ,300422,博世科,广西,环境保护
1882,300423.SZ,300423,昇辉科技,山东,电气设备
1883,300424.SZ,300424,航新科技,广东,航空
1884,300425.SZ,300425,中建环能,四川,环境保护
1885,300426.SZ,300426,唐德影视,浙江,影视音像
1886,300427.SZ,300427,红相股份,福建,电气设备
1887,300428.SZ,300428,立中集团,河北,汽车配件
1888,300429.SZ,300429,强力新材,江苏,化工原料
1889,300430.SZ,300430,诚益通,北京,电器仪表
1890,300432.SZ,300432,富临精工,四川,汽车配件
1891,300433.SZ,300433,蓝思科技,湖南,元器件
1892,300434.SZ,300434,金石亚药,四川,化学制药
1893,300435.SZ,300435,中泰股份,浙江,供气供热
1894,300436.SZ,300436,广生堂,福建,化学制药
1895,300437.SZ,300437,清水源,河南,化工原料
1896,300438.SZ,300438,鹏辉能源,广东,电气设备
1897,300439.SZ,300439,美康生物,浙江,医疗保健
1898,300440.SZ,300440,运达科技,四川,软件服务
1899,300441.SZ,300441,鲍斯股份,浙江,机床制造
1900,300442.SZ,300442,普丽盛,上海,轻工机械
1901,300443.SZ,300443,金雷股份,山东,电气设备
1902,300444.SZ,300444,双杰电气,北京,电气设备
1903,300445.SZ,300445,康斯特,北京,电器仪表
1904,300446.SZ,300446,乐凯新材,河北,化工原料
1905,300447.SZ,300447,全信股份,江苏,电气设备
1906,300448.SZ,300448,浩云科技,广东,软件服务
1907,300449.SZ,300449,汉邦高科,北京,IT设备
1908,300450.SZ,300450,先导智能,江苏,专用机械
1909,300451.SZ,300451,创业慧康,浙江,软件服务
1910,300452.SZ,300452,山河药辅,安徽,化学制药
1911,300453.SZ,300453,三鑫医疗,江西,医疗保健
1912,300454.SZ,300454,深信服,深圳,软件服务
1913,300455.SZ,300455,康拓红外,北京,运输设备
1914,300456.SZ,300456,赛微电子,北京,元器件
1915,300457.SZ,300457,赢合科技,深圳,专用机械
1916,300458.SZ,300458,全志科技,广东,元器件
1917,300459.SZ,300459,汤姆猫,浙江,互联网
1918,300460.SZ,300460,惠伦晶体,广东,元器件
1919,300461.SZ,300461,田中精机,浙江,专用机械
1920,300462.SZ,300462,华铭智能,上海,IT设备
1921,300463.SZ,300463,迈克生物,四川,医疗保健
1922,300464.SZ,300464,星徽股份,广东,机械基件
1923,300465.SZ,300465,高伟达,北京,软件服务
1924,300466.SZ,300466,赛摩智能,江苏,电器仪表
1925,300467.SZ,300467,迅游科技,四川,互联网
1926,300468.SZ,300468,四方精创,深圳,软件服务
1927,300469.SZ,300469,信息发展,上海,软件服务
1928,300470.SZ,300470,中密控股,四川,机械基件
1929,300471.SZ,300471,厚普股份,四川,专用机械
1930,300472.SZ,300472,新元科技,江西,专用机械
1931,300473.SZ,300473,德尔股份,辽宁,汽车配件
1932,300474.SZ,300474,景嘉微,湖南,元器件
1933,300475.SZ,300475,香农芯创,安徽,商贸代理
1934,300476.SZ,300476,胜宏科技,广东,元器件
1935,300477.SZ,300477,合纵科技,北京,电气设备
1936,300478.SZ,300478,杭州高新,浙江,塑料
1937,300479.SZ,300479,神思电子,山东,软件服务
1938,300480.SZ,300480,光力科技,河南,专用机械
1939,300481.SZ,300481,濮阳惠成,河南,化工原料
1940,300482.SZ,300482,万孚生物,广东,医疗保健
1941,300483.SZ,300483,首华燃气,上海,石油开采
1942,300484.SZ,300484,蓝海华腾,深圳,电气设备
1943,300485.SZ,300485,赛升药业,北京,生物制药
1944,300486.SZ,300486,东杰智能,山西,专用机械
1945,300487.SZ,300487,蓝晓科技,陕西,化工原料
1946,300488.SZ,300488,恒锋工具,浙江,机械基件
1947,300489.SZ,300489,光智科技,黑龙江,元器件
1948,300490.SZ,300490,华自科技,湖南,电气设备
1949,300491.SZ,300491,通合科技,河北,电气设备
1950,300492.SZ,300492,华图山鼎,四川,建筑工程
1951,300493.SZ,300493,润欣科技,上海,通信设备
1952,300494.SZ,300494,盛天网络,湖北,互联网
1953,300495.SZ,300495,*ST美尚,江苏,环境保护
1954,300496.SZ,300496,中科创达,北京,软件服务
1955,300497.SZ,300497,富祥药业,江西,化学制药
1956,300498.SZ,300498,温氏股份,广东,农业综合
1957,300499.SZ,300499,高澜股份,广东,专用机械
1958,300500.SZ,300500,启迪设计,江苏,建筑工程
1959,300501.SZ,300501,海顺新材,上海,广告包装
1960,300502.SZ,300502,新易盛,四川,通信设备
1961,300503.SZ,300503,昊志机电,广东,机械基件
1962,300504.SZ,300504,天邑股份,四川,通信设备
1963,300505.SZ,300505,川金诺,云南,农药化肥
1964,300506.SZ,300506,名家汇,深圳,建筑工程
1965,300507.SZ,300507,苏奥传感,江苏,汽车配件
1966,300508.SZ,300508,维宏股份,上海,软件服务
1967,300509.SZ,300509,新美星,江苏,专用机械
1968,300510.SZ,300510,金冠股份,吉林,电气设备
1969,300511.SZ,300511,雪榕生物,上海,种植业
1970,300512.SZ,300512,中亚股份,浙江,专用机械
1971,300513.SZ,300513,恒实科技,北京,软件服务
1972,300514.SZ,300514,友讯达,深圳,电器仪表
1973,300515.SZ,300515,三德科技,湖南,电器仪表
1974,300516.SZ,300516,久之洋,湖北,电器仪表
1975,300517.SZ,300517,海波重科,湖北,建筑工程
1976,300518.SZ,300518,盛讯达,深圳,互联网
1977,300519.SZ,300519,新光药业,浙江,中成药
1978,300520.SZ,300520,科大国创,安徽,软件服务
1979,300521.SZ,300521,爱司凯,广东,专用机械
1980,300522.SZ,300522,世名科技,江苏,染料涂料
1981,300523.SZ,300523,辰安科技,北京,软件服务
1982,300525.SZ,300525,博思软件,福建,软件服务
1983,300526.SZ,300526,*ST中潜,广东,专用机械
1984,300527.SZ,300527,中船应急,湖北,专用机械
1985,300528.SZ,300528,幸福蓝海,江苏,影视音像
1986,300529.SZ,300529,健帆生物,广东,医疗保健
1987,300530.SZ,300530,达志科技,湖南,化工原料
1988,300531.SZ,300531,优博讯,深圳,软件服务
1989,300532.SZ,300532,今天国际,深圳,软件服务
1990,300533.SZ,300533,冰川网络,深圳,互联网
1991,300534.SZ,300534,陇神戎发,甘肃,中成药
1992,300535.SZ,300535,达威股份,四川,化工原料
1993,300536.SZ,300536,农尚环境,湖北,建筑工程
1994,300537.SZ,300537,广信材料,江苏,染料涂料
1995,300538.SZ,300538,同益股份,深圳,塑料
1996,300539.SZ,300539,横河精密,浙江,塑料
1997,300540.SZ,300540,蜀道装备,四川,专用机械
1998,300541.SZ,300541,先进数通,北京,软件服务
1999,300542.SZ,300542,新晨科技,北京,软件服务
2000,300543.SZ,300543,朗科智能,深圳,元器件
2001,300545.SZ,300545,联得装备,深圳,专用机械
2002,300546.SZ,300546,雄帝科技,深圳,IT设备
2003,300547.SZ,300547,川环科技,四川,汽车配件
2004,300548.SZ,300548,博创科技,浙江,元器件
2005,300549.SZ,300549,优德精密,江苏,专用机械
2006,300550.SZ,300550,和仁科技,浙江,软件服务
2007,300551.SZ,300551,古鳌科技,上海,IT设备
2008,300552.SZ,300552,万集科技,北京,软件服务
2009,300553.SZ,300553,集智股份,浙江,电器仪表
2010,300554.SZ,300554,三超新材,江苏,矿物制品
2011,300555.SZ,300555,路通视信,江苏,通信设备
2012,300556.SZ,300556,丝路视觉,深圳,软件服务
2013,300557.SZ,300557,理工光科,湖北,电器仪表
2014,300558.SZ,300558,贝达药业,浙江,化学制药
2015,300559.SZ,300559,佳发教育,四川,软件服务
2016,300560.SZ,300560,中富通,福建,通信设备
2017,300561.SZ,300561,汇金科技,广东,软件服务
2018,300562.SZ,300562,乐心医疗,广东,医疗保健
2019,300563.SZ,300563,神宇股份,江苏,通信设备
2020,300564.SZ,300564,筑博设计,西藏,建筑工程
2021,300565.SZ,300565,科信技术,深圳,通信设备
2022,300566.SZ,300566,激智科技,浙江,元器件
2023,300567.SZ,300567,精测电子,湖北,电器仪表
2024,300568.SZ,300568,星源材质,深圳,化工原料
2025,300569.SZ,300569,天能重工,山东,电气设备
2026,300570.SZ,300570,太辰光,深圳,元器件
2027,300571.SZ,300571,平治信息,浙江,互联网
2028,300572.SZ,300572,安车检测,深圳,电器仪表
2029,300573.SZ,300573,兴齐眼药,辽宁,化学制药
2030,300575.SZ,300575,中旗股份,江苏,农药化肥
2031,300576.SZ,300576,容大感光,深圳,染料涂料
2032,300577.SZ,300577,开润股份,安徽,纺织
2033,300578.SZ,300578,会畅通讯,上海,通信设备
2034,300579.SZ,300579,数字认证,北京,软件服务
2035,300580.SZ,300580,贝斯特,江苏,汽车配件
2036,300581.SZ,300581,晨曦航空,陕西,航空
2037,300582.SZ,300582,英飞特,浙江,半导体
2038,300583.SZ,300583,赛托生物,山东,生物制药
2039,300584.SZ,300584,海辰药业,江苏,化学制药
2040,300585.SZ,300585,奥联电子,江苏,汽车配件
2041,300586.SZ,300586,美联新材,广东,化工原料
2042,300587.SZ,300587,天铁股份,浙江,橡胶
2043,300588.SZ,300588,熙菱信息,新疆,软件服务
2044,300589.SZ,300589,江龙船艇,广东,船舶
2045,300590.SZ,300590,移为通信,上海,通信设备
2046,300591.SZ,300591,万里马,广东,服饰
2047,300592.SZ,300592,华凯易佰,湖南,互联网
2048,300593.SZ,300593,新雷能,北京,电气设备
2049,300594.SZ,300594,朗进科技,山东,运输设备
2050,300595.SZ,300595,欧普康视,安徽,医疗保健
2051,300596.SZ,300596,利安隆,天津,化工原料
2052,300597.SZ,300597,吉大通信,吉林,通信设备
2053,300598.SZ,300598,诚迈科技,江苏,软件服务
2054,300599.SZ,300599,雄塑科技,广东,塑料
2055,300600.SZ,300600,国瑞科技,江苏,船舶
2056,300601.SZ,300601,康泰生物,深圳,生物制药
2057,300602.SZ,300602,飞荣达,深圳,元器件
2058,300603.SZ,300603,立昂技术,新疆,通信设备
2059,300604.SZ,300604,长川科技,浙江,专用机械
2060,300605.SZ,300605,恒锋信息,福建,软件服务
2061,300606.SZ,300606,金太阳,广东,机械基件
2062,300607.SZ,300607,拓斯达,广东,专用机械
2063,300608.SZ,300608,思特奇,北京,软件服务
2064,300609.SZ,300609,汇纳科技,上海,互联网
2065,300610.SZ,300610,晨化股份,江苏,化工原料
2066,300611.SZ,300611,美力科技,浙江,汽车配件
2067,300612.SZ,300612,宣亚国际,北京,广告包装
2068,300613.SZ,300613,富瀚微,上海,半导体
2069,300614.SZ,300614,百川畅银,河南,环境保护
2070,300615.SZ,300615,欣天科技,深圳,元器件
2071,300616.SZ,300616,尚品宅配,广东,家居用品
2072,300617.SZ,300617,安靠智电,江苏,电气设备
2073,300618.SZ,300618,寒锐钴业,江苏,小金属
2074,300619.SZ,300619,金银河,广东,专用机械
2075,300620.SZ,300620,光库科技,广东,元器件
2076,300621.SZ,300621,维业股份,深圳,装修装饰
2077,300622.SZ,300622,博士眼镜,深圳,其他商业
2078,300623.SZ,300623,捷捷微电,江苏,半导体
2079,300624.SZ,300624,万兴科技,西藏,软件服务
2080,300625.SZ,300625,三雄极光,广东,家用电器
2081,300626.SZ,300626,华瑞股份,浙江,电气设备
2082,300627.SZ,300627,华测导航,上海,通信设备
2083,300628.SZ,300628,亿联网络,福建,通信设备
2084,300629.SZ,300629,新劲刚,广东,元器件
2085,300630.SZ,300630,普利制药,海南,化学制药
2086,300631.SZ,300631,久吾高科,江苏,水务
2087,300632.SZ,300632,光莆股份,福建,半导体
2088,300633.SZ,300633,开立医疗,深圳,医疗保健
2089,300634.SZ,300634,彩讯股份,深圳,软件服务
2090,300635.SZ,300635,中达安,广东,建筑工程
2091,300636.SZ,300636,同和药业,江西,化学制药
2092,300637.SZ,300637,扬帆新材,浙江,化工原料
2093,300638.SZ,300638,广和通,深圳,通信设备
2094,300639.SZ,300639,凯普生物,广东,医疗保健
2095,300640.SZ,300640,德艺文创,福建,家居用品
2096,300641.SZ,300641,正丹股份,江苏,化工原料
2097,300642.SZ,300642,透景生命,上海,医疗保健
2098,300643.SZ,300643,万通智控,浙江,汽车配件
2099,300644.SZ,300644,南京聚隆,江苏,塑料
2100,300645.SZ,300645,正元智慧,浙江,软件服务
2101,300647.SZ,300647,超频三,深圳,元器件
2102,300648.SZ,300648,星云股份,福建,电器仪表
2103,300649.SZ,300649,杭州园林,浙江,建筑工程
2104,300650.SZ,300650,太龙股份,福建,电气设备
2105,300651.SZ,300651,金陵体育,江苏,文教休闲
2106,300652.SZ,300652,雷迪克,浙江,汽车配件
2107,300653.SZ,300653,正海生物,山东,医疗保健
2108,300654.SZ,300654,世纪天鸿,山东,出版业
2109,300655.SZ,300655,晶瑞电材,江苏,化工原料
2110,300656.SZ,300656,民德电子,深圳,IT设备
2111,300657.SZ,300657,弘信电子,福建,元器件
2112,300658.SZ,300658,延江股份,福建,纺织
2113,300659.SZ,300659,中孚信息,山东,软件服务
2114,300660.SZ,300660,江苏雷利,江苏,电气设备
2115,300661.SZ,300661,圣邦股份,北京,半导体
2116,300662.SZ,300662,科锐国际,北京,文教休闲
2117,300663.SZ,300663,科蓝软件,北京,软件服务
2118,300664.SZ,300664,鹏鹞环保,江苏,环境保护
2119,300665.SZ,300665,飞鹿股份,湖南,染料涂料
2120,300666.SZ,300666,江丰电子,浙江,元器件
2121,300667.SZ,300667,必创科技,北京,电器仪表
2122,300668.SZ,300668,杰恩设计,深圳,装修装饰
2123,300669.SZ,300669,沪宁股份,浙江,机械基件
2124,300670.SZ,300670,大烨智能,江苏,电气设备
2125,300671.SZ,300671,富满微,深圳,半导体
2126,300672.SZ,300672,国科微,湖南,半导体
2127,300673.SZ,300673,佩蒂股份,浙江,饲料
2128,300674.SZ,300674,宇信科技,北京,软件服务
2129,300675.SZ,300675,建科院,深圳,建筑工程
2130,300676.SZ,300676,华大基因,深圳,医疗保健
2131,300677.SZ,300677,英科医疗,山东,医疗保健
2132,300678.SZ,300678,中科信息,四川,软件服务
2133,300679.SZ,300679,电连技术,深圳,元器件
2134,300680.SZ,300680,隆盛科技,江苏,汽车配件
2135,300681.SZ,300681,英搏尔,广东,汽车配件
2136,300682.SZ,300682,朗新科技,江苏,软件服务
2137,300683.SZ,300683,海特生物,湖北,生物制药
2138,300684.SZ,300684,中石科技,北京,化工原料
2139,300685.SZ,300685,艾德生物,福建,医疗保健
2140,300686.SZ,300686,智动力,深圳,元器件
2141,300687.SZ,300687,赛意信息,广东,软件服务
2142,300688.SZ,300688,创业黑马,北京,文教休闲
2143,300689.SZ,300689,澄天伟业,深圳,元器件
2144,300690.SZ,300690,双一科技,山东,电气设备
2145,300691.SZ,300691,联合光电,广东,元器件
2146,300692.SZ,300692,中环环保,安徽,环境保护
2147,300693.SZ,300693,盛弘股份,深圳,电气设备
2148,300694.SZ,300694,蠡湖股份,江苏,汽车配件
2149,300695.SZ,300695,兆丰股份,浙江,汽车配件
2150,300696.SZ,300696,爱乐达,四川,航空
2151,300697.SZ,300697,电工合金,江苏,铜
2152,300698.SZ,300698,万马科技,浙江,通信设备
2153,300699.SZ,300699,光威复材,山东,化纤
2154,300700.SZ,300700,岱勒新材,湖南,矿物制品
2155,300701.SZ,300701,森霸传感,河南,元器件
2156,300702.SZ,300702,天宇股份,浙江,化学制药
2157,300703.SZ,300703,创源股份,浙江,文教休闲
2158,300705.SZ,300705,九典制药,湖南,化学制药
2159,300706.SZ,300706,阿石创,福建,元器件
2160,300707.SZ,300707,威唐工业,江苏,专用机械
2161,300708.SZ,300708,聚灿光电,江苏,半导体
2162,300709.SZ,300709,精研科技,江苏,元器件
2163,300710.SZ,300710,万隆光电,浙江,通信设备
2164,300711.SZ,300711,广哈通信,广东,通信设备
2165,300712.SZ,300712,永福股份,福建,建筑工程
2166,300713.SZ,300713,英可瑞,深圳,电气设备
2167,300715.SZ,300715,凯伦股份,江苏,其他建材
2168,300716.SZ,300716,国立科技,广东,塑料
2169,300717.SZ,300717,华信新材,江苏,塑料
2170,300718.SZ,300718,长盛轴承,浙江,机械基件
2171,300719.SZ,300719,安达维尔,北京,航空
2172,300720.SZ,300720,海川智能,广东,电器仪表
2173,300721.SZ,300721,怡达股份,江苏,化工原料
2174,300722.SZ,300722,新余国科,江西,航空
2175,300723.SZ,300723,一品红,广东,化学制药
2176,300724.SZ,300724,捷佳伟创,深圳,专用机械
2177,300725.SZ,300725,药石科技,江苏,化学制药
2178,300726.SZ,300726,宏达电子,湖南,元器件
2179,300727.SZ,300727,润禾材料,浙江,化工原料
2180,300729.SZ,300729,乐歌股份,浙江,家居用品
2181,300730.SZ,300730,科创信息,湖南,软件服务
2182,300731.SZ,300731,科创新源,深圳,橡胶
2183,300732.SZ,300732,设研院,河南,建筑工程
2184,300733.SZ,300733,西菱动力,四川,汽车配件
2185,300735.SZ,300735,光弘科技,广东,通信设备
2186,300736.SZ,300736,百邦科技,北京,通信设备
2187,300737.SZ,300737,科顺股份,广东,其他建材
2188,300738.SZ,300738,奥飞数据,广东,电信运营
2189,300739.SZ,300739,明阳电路,深圳,元器件
2190,300740.SZ,300740,水羊股份,湖南,日用化工
2191,300741.SZ,300741,华宝股份,西藏,食品
2192,300742.SZ,300742,越博动力,江苏,汽车配件
2193,300743.SZ,300743,天地数码,浙江,IT设备
2194,300745.SZ,300745,欣锐科技,深圳,汽车配件
2195,300746.SZ,300746,汉嘉设计,浙江,建筑工程
2196,300747.SZ,300747,锐科激光,湖北,元器件
2197,300748.SZ,300748,金力永磁,江西,元器件
2198,300749.SZ,300749,顶固集创,广东,家居用品
2199,300750.SZ,300750,宁德时代,福建,电气设备
2200,300751.SZ,300751,迈为股份,江苏,专用机械
2201,300752.SZ,300752,隆利科技,深圳,元器件
2202,300753.SZ,300753,爱朋医疗,江苏,医疗保健
2203,300755.SZ,300755,华致酒行,云南,其他商业
2204,300756.SZ,300756,金马游乐,广东,旅游服务
2205,300757.SZ,300757,罗博特科,江苏,专用机械
2206,300758.SZ,300758,七彩化学,辽宁,染料涂料
2207,300759.SZ,300759,康龙化成,北京,化学制药
2208,300760.SZ,300760,迈瑞医疗,深圳,医疗保健
2209,300761.SZ,300761,立华股份,江苏,农业综合
2210,300762.SZ,300762,上海瀚讯,上海,通信设备
2211,300763.SZ,300763,锦浪科技,浙江,电气设备
2212,300765.SZ,300765,新诺威,河北,食品
2213,300766.SZ,300766,每日互动,浙江,互联网
2214,300767.SZ,300767,震安科技,云南,橡胶
2215,300768.SZ,300768,迪普科技,浙江,软件服务
2216,300769.SZ,300769,德方纳米,深圳,化工原料
2217,300770.SZ,300770,新媒股份,广东,影视音像
2218,300771.SZ,300771,智莱科技,深圳,IT设备
2219,300772.SZ,300772,运达股份,浙江,电气设备
2220,300773.SZ,300773,拉卡拉,北京,软件服务
2221,300774.SZ,300774,倍杰特,北京,环境保护
2222,300775.SZ,300775,三角防务,陕西,航空
2223,300776.SZ,300776,帝尔激光,湖北,专用机械
2224,300777.SZ,300777,中简科技,江苏,化纤
2225,300778.SZ,300778,新城市,深圳,建筑工程
2226,300779.SZ,300779,惠城环保,山东,环境保护
2227,300780.SZ,300780,德恩精工,四川,机械基件
2228,300781.SZ,300781,因赛集团,广东,广告包装
2229,300782.SZ,300782,卓胜微,江苏,元器件
2230,300783.SZ,300783,三只松鼠,安徽,食品
2231,300785.SZ,300785,值得买,北京,互联网
2232,300786.SZ,300786,国林科技,山东,环境保护
2233,300787.SZ,300787,海能实业,江西,通信设备
2234,300788.SZ,300788,中信出版,北京,出版业
2235,300789.SZ,300789,唐源电气,四川,软件服务
2236,300790.SZ,300790,宇瞳光学,广东,元器件
2237,300791.SZ,300791,仙乐健康,广东,医疗保健
2238,300792.SZ,300792,壹网壹创,浙江,互联网
2239,300793.SZ,300793,佳禾智能,广东,IT设备
2240,300795.SZ,300795,米奥会展,浙江,综合类
2241,300796.SZ,300796,贝斯美,浙江,农药化肥
2242,300797.SZ,300797,钢研纳克,北京,电器仪表
2243,300798.SZ,300798,锦鸡股份,江苏,染料涂料
2244,300799.SZ,300799,左江科技,北京,软件服务
2245,300800.SZ,300800,力合科技,湖南,环境保护
2246,300801.SZ,300801,泰和科技,山东,化工原料
2247,300802.SZ,300802,矩子科技,上海,专用机械
2248,300803.SZ,300803,指南针,北京,软件服务
2249,300805.SZ,300805,电声股份,广东,广告包装
2250,300806.SZ,300806,斯迪克,江苏,塑料
2251,300807.SZ,300807,天迈科技,河南,软件服务
2252,300808.SZ,300808,久量股份,广东,家用电器
2253,300809.SZ,300809,华辰装备,江苏,机床制造
2254,300810.SZ,300810,中科海讯,北京,船舶
2255,300811.SZ,300811,铂科新材,深圳,元器件
2256,300812.SZ,300812,易天股份,深圳,专用机械
2257,300813.SZ,300813,泰林生物,浙江,医疗保健
2258,300814.SZ,300814,中富电路,深圳,元器件
2259,300815.SZ,300815,玉禾田,安徽,环境保护
2260,300816.SZ,300816,艾可蓝,安徽,环境保护
2261,300817.SZ,300817,双飞股份,浙江,机械基件
2262,300818.SZ,300818,耐普矿机,江西,专用机械
2263,300819.SZ,300819,聚杰微纤,江苏,化纤
2264,300820.SZ,300820,英杰电气,四川,电气设备
2265,300821.SZ,300821,东岳硅材,山东,化工原料
2266,300822.SZ,300822,贝仕达克,深圳,元器件
2267,300823.SZ,300823,建科机械,天津,专用机械
2268,300824.SZ,300824,北鼎股份,深圳,家用电器
2269,300825.SZ,300825,阿尔特,北京,汽车服务
2270,300826.SZ,300826,测绘股份,江苏,建筑工程
2271,300827.SZ,300827,上能电气,江苏,电气设备
2272,300828.SZ,300828,锐新科技,天津,铝
2273,300829.SZ,300829,金丹科技,河南,食品
2274,300830.SZ,300830,金现代,山东,软件服务
2275,300831.SZ,300831,派瑞股份,陕西,元器件
2276,300832.SZ,300832,新产业,深圳,医疗保健
2277,300833.SZ,300833,浩洋股份,广东,专用机械
2278,300834.SZ,300834,星辉环材,广东,化工原料
2279,300835.SZ,300835,龙磁科技,安徽,元器件
2280,300836.SZ,300836,佰奥智能,江苏,专用机械
2281,300837.SZ,300837,浙矿股份,浙江,专用机械
2282,300838.SZ,300838,浙江力诺,浙江,电器仪表
2283,300839.SZ,300839,博汇股份,浙江,石油加工
2284,300840.SZ,300840,酷特智能,山东,服饰
2285,300841.SZ,300841,康华生物,四川,生物制药
2286,300842.SZ,300842,帝科股份,江苏,半导体
2287,300843.SZ,300843,胜蓝股份,广东,元器件
2288,300844.SZ,300844,山水比德,广东,建筑工程
2289,300845.SZ,300845,捷安高科,河南,软件服务
2290,300846.SZ,300846,首都在线,北京,软件服务
2291,300847.SZ,300847,中船汉光,河北,化工原料
2292,300848.SZ,300848,美瑞新材,山东,化工原料
2293,300849.SZ,300849,锦盛新材,浙江,塑料
2294,300850.SZ,300850,新强联,河南,机械基件
2295,300851.SZ,300851,交大思诺,北京,运输设备
2296,300852.SZ,300852,四会富仕,广东,元器件
2297,300853.SZ,300853,申昊科技,浙江,专用机械
2298,300854.SZ,300854,中兰环保,深圳,环境保护
2299,300855.SZ,300855,图南股份,江苏,钢加工
2300,300856.SZ,300856,科思股份,江苏,日用化工
2301,300857.SZ,300857,协创数据,深圳,IT设备
2302,300858.SZ,300858,科拓生物,北京,食品
2303,300859.SZ,300859,西域旅游,新疆,旅游服务
2304,300860.SZ,300860,锋尚文化,北京,文教休闲
2305,300861.SZ,300861,美畅股份,陕西,矿物制品
2306,300862.SZ,300862,蓝盾光电,安徽,电器仪表
2307,300863.SZ,300863,卡倍亿,浙江,汽车配件
2308,300864.SZ,300864,南大环境,江苏,环境保护
2309,300865.SZ,300865,大宏立,四川,专用机械
2310,300866.SZ,300866,安克创新,湖南,元器件
2311,300867.SZ,300867,圣元环保,福建,环境保护
2312,300868.SZ,300868,杰美特,深圳,通信设备
2313,300869.SZ,300869,康泰医学,河北,医疗保健
2314,300870.SZ,300870,欧陆通,深圳,元器件
2315,300871.SZ,300871,回盛生物,湖北,农业综合
2316,300872.SZ,300872,天阳科技,西藏,软件服务
2317,300873.SZ,300873,海晨股份,江苏,仓储物流
2318,300875.SZ,300875,捷强装备,天津,专用机械
2319,300876.SZ,300876,蒙泰高新,广东,化纤
2320,300877.SZ,300877,金春股份,安徽,纺织
2321,300878.SZ,300878,维康药业,浙江,中成药
2322,300879.SZ,300879,大叶股份,浙江,农用机械
2323,300880.SZ,300880,迦南智能,浙江,电器仪表
2324,300881.SZ,300881,盛德鑫泰,江苏,钢加工
2325,300882.SZ,300882,万胜智能,浙江,电器仪表
2326,300883.SZ,300883,龙利得,安徽,造纸
2327,300884.SZ,300884,狄耐克,福建,通信设备
2328,300885.SZ,300885,海昌新材,江苏,机械基件
2329,300886.SZ,300886,华业香料,安徽,化工原料
2330,300887.SZ,300887,谱尼测试,北京,综合类
2331,300888.SZ,300888,稳健医疗,深圳,医疗保健
2332,300889.SZ,300889,爱克股份,深圳,电气设备
2333,300890.SZ,300890,翔丰华,深圳,矿物制品
2334,300891.SZ,300891,惠云钛业,广东,化工原料
2335,300892.SZ,300892,品渥食品,上海,乳制品
2336,300893.SZ,300893,松原股份,浙江,汽车配件
2337,300894.SZ,300894,火星人,浙江,家用电器
2338,300895.SZ,300895,铜牛信息,北京,软件服务
2339,300896.SZ,300896,爱美客,北京,医疗保健
2340,300897.SZ,300897,山科智能,浙江,电器仪表
2341,300898.SZ,300898,熊猫乳品,浙江,乳制品
2342,300899.SZ,300899,上海凯鑫,上海,环境保护
2343,300900.SZ,300900,广联航空,黑龙江,航空
2344,300901.SZ,300901,中胤时尚,浙江,服饰
2345,300902.SZ,300902,国安达,福建,专用机械
2346,300903.SZ,300903,科翔股份,广东,元器件
2347,300905.SZ,300905,宝丽迪,江苏,塑料
2348,300906.SZ,300906,日月明,江西,专用机械
2349,300907.SZ,300907,康平科技,江苏,电气设备
2350,300908.SZ,300908,仲景食品,河南,食品
2351,300909.SZ,300909,汇创达,深圳,元器件
2352,300910.SZ,300910,瑞丰新材,河南,化工原料
2353,300911.SZ,300911,亿田智能,浙江,家用电器
2354,300912.SZ,300912,凯龙高科,江苏,环境保护
2355,300913.SZ,300913,兆龙互连,浙江,通信设备
2356,300915.SZ,300915,海融科技,上海,食品
2357,300916.SZ,300916,朗特智能,深圳,元器件
2358,300917.SZ,300917,特发服务,深圳,房产服务
2359,300918.SZ,300918,南山智尚,山东,纺织
2360,300919.SZ,300919,中伟股份,贵州,电气设备
2361,300920.SZ,300920,润阳科技,浙江,塑料
2362,300921.SZ,300921,南凌科技,深圳,互联网
2363,300922.SZ,300922,天秦装备,河北,专用机械
2364,300923.SZ,300923,研奥股份,吉林,运输设备
2365,300925.SZ,300925,法本信息,深圳,软件服务
2366,300926.SZ,300926,博俊科技,江苏,汽车配件
2367,300927.SZ,300927,江天化学,江苏,化工原料
2368,300928.SZ,300928,华安鑫创,北京,汽车配件
2369,300929.SZ,300929,华骐环保,安徽,环境保护
2370,300930.SZ,300930,屹通新材,浙江,小金属
2371,300931.SZ,300931,通用电梯,江苏,运输设备
2372,300932.SZ,300932,三友联众,广东,电气设备
2373,300933.SZ,300933,中辰股份,江苏,电气设备
2374,300935.SZ,300935,盈建科,北京,软件服务
2375,300936.SZ,300936,中英科技,江苏,元器件
2376,300937.SZ,300937,药易购,四川,医药商业
2377,300938.SZ,300938,信测标准,深圳,综合类
2378,300939.SZ,300939,秋田微,深圳,元器件
2379,300940.SZ,300940,南极光,深圳,元器件
2380,300941.SZ,300941,创识科技,福建,软件服务
2381,300942.SZ,300942,易瑞生物,深圳,医疗保健
2382,300943.SZ,300943,春晖智控,浙江,机械基件
2383,300945.SZ,300945,曼卡龙,浙江,服饰
2384,300946.SZ,300946,恒而达,福建,机械基件
2385,300947.SZ,300947,德必集团,上海,房产服务
2386,300948.SZ,300948,冠中生态,山东,环境保护
2387,300949.SZ,300949,奥雅股份,深圳,建筑工程
2388,300950.SZ,300950,德固特,山东,专用机械
2389,300951.SZ,300951,博硕科技,深圳,元器件
2390,300952.SZ,300952,恒辉安防,江苏,纺织
2391,300953.SZ,300953,震裕科技,浙江,电气设备
2392,300955.SZ,300955,嘉亨家化,福建,日用化工
2393,300956.SZ,300956,英力股份,安徽,IT设备
2394,300957.SZ,300957,贝泰妮,云南,日用化工
2395,300958.SZ,300958,建工修复,北京,环境保护
2396,300959.SZ,300959,线上线下,江苏,电信运营
2397,300960.SZ,300960,通业科技,深圳,运输设备
2398,300961.SZ,300961,深水海纳,深圳,环境保护
2399,300962.SZ,300962,中金辐照,深圳,医疗保健
2400,300963.SZ,300963,中洲特材,上海,小金属
2401,300964.SZ,300964,本川智能,江苏,元器件
2402,300965.SZ,300965,恒宇信通,北京,航空
2403,300966.SZ,300966,共同药业,湖北,化学制药
2404,300967.SZ,300967,晓鸣股份,宁夏,农业综合
2405,300968.SZ,300968,格林精密,广东,元器件
2406,300969.SZ,300969,恒帅股份,浙江,汽车配件
2407,300970.SZ,300970,华绿生物,江苏,种植业
2408,300971.SZ,300971,博亚精工,湖北,机械基件
2409,300972.SZ,300972,万辰生物,福建,种植业
2410,300973.SZ,300973,立高食品,广东,食品
2411,300975.SZ,300975,商络电子,江苏,商贸代理
2412,300976.SZ,300976,达瑞电子,广东,元器件
2413,300977.SZ,300977,深圳瑞捷,深圳,建筑工程
2414,300978.SZ,300978,东箭科技,广东,汽车配件
2415,300979.SZ,300979,华利集团,广东,服饰
2416,300980.SZ,300980,祥源新材,湖北,塑料
2417,300981.SZ,300981,中红医疗,河北,医疗保健
2418,300982.SZ,300982,苏文电能,江苏,建筑工程
2419,300983.SZ,300983,尤安设计,上海,建筑工程
2420,300984.SZ,300984,金沃股份,浙江,机械基件
2421,300985.SZ,300985,致远新能,吉林,汽车配件
2422,300986.SZ,300986,志特新材,江西,铝
2423,300987.SZ,300987,川网传媒,四川,互联网
2424,300988.SZ,300988,津荣天宇,天津,机械基件
2425,300989.SZ,300989,蕾奥规划,深圳,建筑工程
2426,300990.SZ,300990,同飞股份,河北,专用机械
2427,300991.SZ,300991,创益通,深圳,元器件
2428,300992.SZ,300992,泰福泵业,浙江,专用机械
2429,300993.SZ,300993,玉马遮阳,山东,家居用品
2430,300994.SZ,300994,久祺股份,浙江,文教休闲
2431,300995.SZ,300995,奇德新材,广东,塑料
2432,300996.SZ,300996,普联软件,山东,软件服务
2433,300997.SZ,300997,欢乐家,广东,软饮料
2434,300998.SZ,300998,宁波方正,浙江,专用机械
2435,300999.SZ,300999,金龙鱼,上海,食品
2436,301000.SZ,301000,肇民科技,上海,汽车配件
2437,301001.SZ,301001,凯淳股份,上海,互联网
2438,301002.SZ,301002,崧盛股份,深圳,电气设备
2439,301003.SZ,301003,江苏博云,江苏,塑料
2440,301004.SZ,301004,嘉益股份,浙江,家居用品
2441,301005.SZ,301005,超捷股份,上海,汽车配件
2442,301006.SZ,301006,迈拓股份,江苏,电器仪表
2443,301007.SZ,301007,德迈仕,辽宁,汽车配件
2444,301008.SZ,301008,宏昌科技,浙江,家用电器
2445,301009.SZ,301009,可靠股份,浙江,造纸
2446,301010.SZ,301010,晶雪节能,江苏,其他建材
2447,301011.SZ,301011,华立科技,广东,专用机械
2448,301012.SZ,301012,扬电科技,江苏,电气设备
2449,301013.SZ,301013,利和兴,深圳,专用机械
2450,301015.SZ,301015,百洋医药,山东,医药商业
2451,301016.SZ,301016,雷尔伟,江苏,运输设备
2452,301017.SZ,301017,漱玉平民,山东,医药商业
2453,301018.SZ,301018,申菱环境,广东,专用机械
2454,301019.SZ,301019,宁波色母,浙江,塑料
2455,301020.SZ,301020,密封科技,山东,机械基件
2456,301021.SZ,301021,英诺激光,深圳,专用机械
2457,301022.SZ,301022,海泰科,山东,专用机械
2458,301023.SZ,301023,江南奕帆,江苏,电气设备
2459,301024.SZ,301024,霍普股份,上海,建筑工程
2460,301025.SZ,301025,读客文化,上海,出版业
2461,301026.SZ,301026,浩通科技,江苏,小金属
2462,301027.SZ,301027,华蓝集团,广西,建筑工程
2463,301028.SZ,301028,东亚机械,福建,专用机械
2464,301029.SZ,301029,怡合达,广东,专用机械
2465,301030.SZ,301030,仕净科技,江苏,环境保护
2466,301031.SZ,301031,中熔电气,陕西,电气设备
2467,301032.SZ,301032,新柴股份,浙江,机械基件
2468,301033.SZ,301033,迈普医学,广东,医疗保健
2469,301035.SZ,301035,润丰股份,山东,农药化肥
2470,301036.SZ,301036,双乐股份,江苏,染料涂料
2471,301037.SZ,301037,保立佳,上海,化工原料
2472,301038.SZ,301038,深水规院,深圳,建筑工程
2473,301039.SZ,301039,中集车辆,深圳,汽车整车
2474,301040.SZ,301040,中环海陆,江苏,机械基件
2475,301041.SZ,301041,金百泽,深圳,元器件
2476,301042.SZ,301042,安联锐视,广东,IT设备
2477,301043.SZ,301043,绿岛风,广东,机械基件
2478,301045.SZ,301045,天禄科技,江苏,元器件
2479,301046.SZ,301046,能辉科技,上海,新型电力
2480,301047.SZ,301047,义翘神州,北京,医疗保健
2481,301048.SZ,301048,金鹰重工,湖北,运输设备
2482,301049.SZ,301049,超越科技,安徽,环境保护
2483,301050.SZ,301050,雷电微力,四川,航空
2484,301051.SZ,301051,信濠光电,深圳,元器件
2485,301052.SZ,301052,果麦文化,浙江,出版业
2486,301053.SZ,301053,远信工业,浙江,专用机械
2487,301055.SZ,301055,张小泉,浙江,家居用品
2488,301056.SZ,301056,森赫股份,浙江,运输设备
2489,301057.SZ,301057,汇隆新材,浙江,化纤
2490,301058.SZ,301058,中粮工科,江苏,建筑工程
2491,301059.SZ,301059,金三江,广东,化工原料
2492,301060.SZ,301060,兰卫医学,上海,医疗保健
2493,301061.SZ,301061,匠心家居,江苏,家居用品
2494,301062.SZ,301062,上海艾录,上海,广告包装
2495,301063.SZ,301063,海锅股份,江苏,电气设备
2496,301065.SZ,301065,本立科技,浙江,化工原料
2497,301066.SZ,301066,万事利,浙江,纺织
2498,301067.SZ,301067,显盈科技,深圳,元器件
2499,301068.SZ,301068,大地海洋,浙江,环境保护
2500,301069.SZ,301069,凯盛新材,山东,化工原料
2501,301070.SZ,301070,开勒股份,上海,机械基件
2502,301071.SZ,301071,力量钻石,河南,矿物制品
2503,301072.SZ,301072,中捷精工,江苏,汽车配件
2504,301073.SZ,301073,君亭酒店,浙江,酒店餐饮
2505,301075.SZ,301075,多瑞医药,西藏,化学制药
2506,301076.SZ,301076,新瀚新材,江苏,化工原料
2507,301077.SZ,301077,星华反光,浙江,化工原料
2508,301078.SZ,301078,孩子王,江苏,其他商业
2509,301079.SZ,301079,邵阳液压,湖南,机械基件
2510,301080.SZ,301080,百普赛斯,北京,生物制药
2511,301081.SZ,301081,严牌股份,浙江,环境保护
2512,301082.SZ,301082,久盛电气,浙江,电气设备
2513,301083.SZ,301083,百胜智能,江西,专用机械
2514,301085.SZ,301085,亚康股份,北京,软件服务
2515,301086.SZ,301086,鸿富瀚,深圳,元器件
2516,301087.SZ,301087,可孚医疗,湖南,医疗保健
2517,301088.SZ,301088,戎美股份,江苏,服饰
2518,301089.SZ,301089,拓新药业,河南,化学制药
2519,301090.SZ,301090,华润材料,江苏,化工原料
2520,301091.SZ,301091,深城交,深圳,建筑工程
2521,301092.SZ,301092,争光股份,浙江,化工原料
2522,301093.SZ,301093,华兰股份,江苏,医疗保健
2523,301096.SZ,301096,百诚医药,浙江,医疗保健
2524,301097.SZ,301097,天益医疗,浙江,医疗保健
2525,301098.SZ,301098,金埔园林,江苏,建筑工程
2526,301099.SZ,301099,雅创电子,上海,批发业
2527,301100.SZ,301100,风光股份,辽宁,化工原料
2528,301101.SZ,301101,明月镜片,江苏,文教休闲
2529,301102.SZ,301102,兆讯传媒,天津,广告包装
2530,301103.SZ,301103,何氏眼科,辽宁,医疗保健
2531,301106.SZ,301106,骏成科技,江苏,元器件
2532,301107.SZ,301107,瑜欣电子,重庆,机械基件
2533,301108.SZ,301108,洁雅股份,安徽,日用化工
2534,301109.SZ,301109,军信股份,湖南,环境保护
2535,301110.SZ,301110,青木股份,广东,互联网
2536,301111.SZ,301111,粤万年青,广东,中成药
2537,301112.SZ,301112,信邦智能,广东,专用机械
2538,301113.SZ,301113,雅艺科技,浙江,家居用品
2539,301116.SZ,301116,益客食品,江苏,食品
2540,301117.SZ,301117,佳缘科技,四川,软件服务
2541,301118.SZ,301118,恒光股份,湖南,化工原料
2542,301119.SZ,301119,正强股份,浙江,汽车配件
2543,301120.SZ,301120,新特电气,北京,电气设备
2544,301122.SZ,301122,采纳股份,江苏,医疗保健
2545,301123.SZ,301123,奕东电子,广东,元器件
2546,301125.SZ,301125,腾亚精工,江苏,机械基件
2547,301126.SZ,301126,达嘉维康,湖南,医药商业
2548,301127.SZ,301127,天源环保,湖北,环境保护
2549,301128.SZ,301128,强瑞技术,深圳,专用机械
2550,301129.SZ,301129,瑞纳智能,安徽,电器仪表
2551,301130.SZ,301130,西点药业,吉林,化学制药
2552,301131.SZ,301131,聚赛龙,广东,塑料
2553,301133.SZ,301133,金钟股份,广东,汽车配件
2554,301135.SZ,301135,瑞德智能,广东,元器件
2555,301136.SZ,301136,招标股份,福建,建筑工程
2556,301137.SZ,301137,哈焊华通,江苏,机械基件
2557,301138.SZ,301138,华研精机,广东,专用机械
2558,301139.SZ,301139,C元道,新疆,通信设备
2559,301148.SZ,301148,嘉戎技术,福建,环境保护
2560,301149.SZ,301149,隆华新材,山东,化工原料
2561,301150.SZ,301150,中一科技,湖北,元器件
2562,301151.SZ,301151,冠龙节能,上海,专用机械
2563,301153.SZ,301153,中科江南,北京,软件服务
2564,301155.SZ,301155,海力风电,江苏,电气设备
2565,301156.SZ,301156,美农生物,上海,饲料
2566,301158.SZ,301158,德石股份,山东,专用机械
2567,301159.SZ,301159,三维天地,北京,软件服务
2568,301160.SZ,301160,翔楼新材,江苏,机械基件
2569,301162.SZ,301162,国能日新,北京,软件服务
2570,301163.SZ,301163,宏德股份,江苏,机械基件
2571,301166.SZ,301166,优宁维,上海,医药商业
2572,301167.SZ,301167,建研设计,安徽,建筑工程
2573,301168.SZ,301168,通灵股份,江苏,电气设备
2574,301169.SZ,301169,零点有数,北京,软件服务
2575,301175.SZ,301175,C中科环,北京,环境保护
2576,301177.SZ,301177,迪阿股份,深圳,服饰
2577,301178.SZ,301178,天亿马,广东,软件服务
2578,301179.SZ,301179,泽宇智能,江苏,软件服务
2579,301180.SZ,301180,万祥科技,江苏,元器件
2580,301181.SZ,301181,标榜股份,江苏,汽车配件
2581,301182.SZ,301182,凯旺科技,河南,元器件
2582,301183.SZ,301183,东田微,湖北,元器件
2583,301185.SZ,301185,鸥玛软件,山东,软件服务
2584,301186.SZ,301186,超达装备,江苏,专用机械
2585,301187.SZ,301187,欧圣电气,江苏,家用电器
2586,301188.SZ,301188,力诺特玻,山东,玻璃
2587,301189.SZ,301189,奥尼电子,深圳,通信设备
2588,301190.SZ,301190,善水科技,江西,染料涂料
2589,301191.SZ,301191,菲菱科思,深圳,通信设备
2590,301193.SZ,301193,家联科技,浙江,家居用品
2591,301196.SZ,301196,唯科科技,福建,专用机械
2592,301198.SZ,301198,喜悦智行,浙江,塑料
2593,301199.SZ,301199,迈赫股份,山东,专用机械
2594,301200.SZ,301200,大族数控,深圳,专用机械
2595,301201.SZ,301201,诚达药业,浙江,生物制药
2596,301206.SZ,301206,三元生物,山东,食品
2597,301207.SZ,301207,华兰疫苗,河南,生物制药
2598,301208.SZ,301208,C中亦,北京,软件服务
2599,301211.SZ,301211,亨迪药业,湖北,化学制药
2600,301212.SZ,301212,联盛化学,浙江,化工原料
2601,301213.SZ,301213,观想科技,四川,软件服务
2602,301215.SZ,301215,中汽股份,江苏,汽车服务
2603,301216.SZ,301216,万凯新材,浙江,化工原料
2604,301217.SZ,301217,铜冠铜箔,安徽,元器件
2605,301218.SZ,301218,华是科技,浙江,软件服务
2606,301219.SZ,301219,腾远钴业,江西,小金属
2607,301220.SZ,301220,亚香股份,江苏,化工原料
2608,301221.SZ,301221,光庭信息,湖北,软件服务
2609,301222.SZ,301222,浙江恒威,浙江,电气设备
2610,301226.SZ,301226,祥明智能,江苏,电气设备
2611,301228.SZ,301228,实朴检测,上海,综合类
2612,301229.SZ,301229,纽泰格,江苏,汽车配件
2613,301233.SZ,301233,C盛帮,四川,橡胶
2614,301234.SZ,301234,五洲医疗,安徽,医疗保健
2615,301235.SZ,301235,华康医疗,湖北,医疗保健
2616,301236.SZ,301236,软通动力,北京,软件服务
2617,301237.SZ,301237,和顺科技,浙江,塑料
2618,301238.SZ,301238,瑞泰新材,江苏,化工原料
2619,301239.SZ,301239,普瑞眼科,四川,医疗保健
2620,301248.SZ,301248,杰创智能,广东,软件服务
2621,301256.SZ,301256,华融化学,四川,化工原料
2622,301257.SZ,301257,普蕊斯,上海,医疗保健
2623,301258.SZ,301258,富士莱,江苏,化学制药
2624,301259.SZ,301259,艾布鲁,湖南,环境保护
2625,301263.SZ,301263,泰恩康,广东,医药商业
2626,301266.SZ,301266,宇邦新材,江苏,电气设备
2627,301268.SZ,301268,铭利达,深圳,机械基件
2628,301279.SZ,301279,金道科技,浙江,机械基件
2629,301286.SZ,301286,侨源股份,四川,化工原料
2630,301288.SZ,301288,清研环境,深圳,环境保护
2631,301289.SZ,301289,国缆检测,上海,综合类
2632,301298.SZ,301298,东利机械,河北,汽车配件
2633,301302.SZ,301302,华如科技,北京,软件服务
2634,301312.SZ,301312,C智立方,深圳,专用机械
